Doc Number,Corp Name,Filing Type,Status,Address,City,State,Zip,File Date,FEI Number,Registered Agent,RA City,RA State,Officers,Source File
L26000175100,TECHFINLENS LLC,FLAL,A,7901 4TH ST N STE 300,ST. PETERSBURG,,33702,03262026,,NORTHWEST REGISTERED AGENT LLC,ST. PETERSBURG,FL,,20260403_corporate.txt
L26000175120,MCLEOD INVESTMENTS LLC,FLAL,A,7901 4TH ST N STE 300,ST. PETERSBURG,,33702,03262026,,NORTHWEST REGISTERED AGENT LLC,ST. PETERSBURG,FL,,20260403_corporate.txt
L26000175210,ANSER PROPERTY LLC,FLAL,A,225 E ROBINSON STREET SUITE 220,ORLANDO,,32801,03262026,,CORPORATE AGENT ALLIANCE LLC,ORLANDO,FL,MGR: DELBEN SILVA        ANDRE PAULO | MGR: PEDREIRA MAGALHAES  VICTOR | MGR: REBOUCAS DE MELO    RAFAEL,20260403_corporate.txt
L26000175230,PINECREST PROPERTY 295 LLC,FLAL,A,295 SW 4TH AVE,POMPANO BEACH,,33060,03302026,,SCARIA              SHIBU,PARKLAND,FL,MGR: SCARIA              SHIBU,20260403_corporate.txt
L26000175240,FREDERICI GLADII PROPERTY LLC,FLAL,A,225 E ROBINSON STREET STE 220,ORLANDO,,32801,03262026,,CORPORATE AGENT ALLIANCE LLC,ORLANDO,FL,MGR: DELBEN SILVA        ANDRE PAULO | MGR: REBOUCAS DE MELO    RAFAEL | MGR: PEDREIRA MAGALHAES  VICTOR,20260403_corporate.txt
L26000175260,ZALDIVAR CONSTRUCTION LLC,FLAL,A,6204 REGIMEN DR,JACKSONVILLE,,32277,03252026,,ZALDIVAR HERNANDEZ  YORDANIS,JACKSONVILLE,FL,P: ZALDIVAR HERNANDEZ  YORDANIS,20260403_corporate.txt
L26000175310,SOLIS PONIATOVII PROPERTY LLC,FLAL,A,225 E ROBINSON STREET STE 220,ORLANDO,,32801,03262026,,CORPORATE AGENT ALLIANCE LLC,ORLANDO,FL,MGR: DELBEN SILVA        ANDRE PAULO | MGR: REBOUCAS DE MELO    RAFAEL | MGR: PEDREIRA MAGALHAES  VICTOR,20260403_corporate.txt
L26000175350,REDDY CREATIVE CLEANING SERVICE LLC,FLAL,A,6625 ARGYLE FOREST BLVD SUITE 4 PMB 3225,JACKSONVILLE,,32244,03262026,,HINES               KATRELL       L,JACKSONVILLE,FL,MGR: HINES               KATRELL       L,20260403_corporate.txt
L26000175380,REFRESH CONSULTING AND SERVICES LLC,FLAL,A,17155 PRADO BLVD,LOXAHATCHEE,,33470,03262026,,RODRIGUEZ           ISAAC,LOXAHATCHEE,FL,MGR: RODRIGUEZ           ISAAC | AP: RODRIGUEZ           AVETEI,20260403_corporate.txt
L26000175390,HENRY CLEANING SOLUTIONS LLC,FLAL,A,2070 ONEIDA COURT,DELTONA,,32738,03262026,,SCOTT AND ASSOCIATES ACCOUNTING FIRM INC,APOPKA,FL,MGR: HENRY               DENA,20260403_corporate.txt
L26000175410,PALM & PINE INVESTMENTS LLC,FLAL,A,706 STONEWOOD CT 18C,JUPITER,,33458,03262026,,KARWOSKI            JESSICA,JUPITER,FL,AR: KARWOSKI            JESSICA,20260403_corporate.txt
P26000017400,SUNNY ACRE DEVELOPMENT CORP.,DOMP,A,5600 NORTH FEDERAL HIGHWAY,FORT LAUDERAL,,33308,04012026,,LYNN                MARK          JESQ,FORT LAUDERDALE,FL,PRES: FIDEI               NICHOLAS,20260403_corporate.txt
L26000175420,SE INVESTMENTS MANAGER LLC,FLAL,A,2108 SW 23RD TER,MIAMI,,33145,03192026,,PEREZ               ESTEBAN,MIAMI,FL,MGR: PEREZ               ESTEBAN,20260403_corporate.txt
L26000175470,LQ INVESTMENTS PORTFOLIO 21 LLC,FLAL,A,2031 HARRISON ST,HOLLYWOOD,,33020,03262026,,FRIEDMAN            BRENT A.,MIAMI,FL,MGR: DANIELLOU           ROMAIN | MGR: GUEANT              THIBAUT,20260403_corporate.txt
L26000175500,MIPTAG ATHLETECH MANUFACTURING LLC,FLAL,A,66 WEST FLAGLER STREET SUIT 900,MIAMI,,33130,03262026,,ZENBUSINESS INC.,TALLAHASSEE,FL,AMBR: LABS                UNIT 52 | AMBR: GRANT               XAN,20260403_corporate.txt
L26000175520,MONACO 28 INVESTMENTS LLC,FLAL,A,2445 S HIAWASSEE RD. UNIT 1065,ORLANDO,,32835,03262026,,REPUBLIC REGISTERED AGENT LLC,JACKSONVILLE,FL,AMBR: HUNG CHENG          BELINO,20260403_corporate.txt
L26000175530,LAGUERRE CONSULTING GROUP LLC,FLAL,A,1015 NW 7TH ST,BOYNTON BEACH,,33426,03262026,,LAGUERRE            LENNY,BOYNTON BEACH,FL,MGR: LAGUERRE            LENNY,20260403_corporate.txt
P26000017480,JCM IMPROVEMENT AND SOLUTIONS INC,DOMP,A,2271 NW 159 AVE,PEMBROKE PINES,,33028,03272026,,MARIN               JUAN CARLOS,PEMBROKE PINES,FL,P: MARIN               JUAN CARLOS,20260403_corporate.txt
L26000175780,"NEXTWAVE VENDING SOLUTIONS, LLC",FLAL,A,2431 W 70TH ST,HIALEAH,,33016,03252026,,INC AUTHORITY RA,ORLANDO,FL,MGR: ALFONSO             MICHAEL,20260403_corporate.txt
L26000175790,"STEVENSON DIGITAL, LLC",FLAL,A,933 W KALMIA DR APT D2,LAKE PARK,,33403,03242026,,INC AUTHORITY RA,ORLANDO,FL,MGR: JEAN JACQUES        STEVENSON,20260403_corporate.txt
L26000175830,4 M LAKE PROPERTY LLC,FLAL,A,19030 1ST STREET NE,LUTZ,,33549,04022026,,SYKES               BRYAN         WESQ,CLEARWATER,FL,MGR: MORROW              THOMAS        J,20260403_corporate.txt
P26000017550,ALBA HOSPITALITY CONSULTING CORP.,DOMP,A,7350 SW 58TH CT APT 736,SOUTH MIAMI,,33143,03302026,,"LEGALZOOM USCA, INC.",FORT LAUDERDALE,FL,PST: MCINTYRE            DAVID         A | D: FIORI               MELISSA       M,20260403_corporate.txt
L26000175840,"POCKETHOUSE SYSTEMS, LLC",FLAL,A,1661 RINGLING BLVD,SARASOTA,,34230,03252026,,INC AUTHORITY RA,ORLANDO,FL,MGR: BOWEN               MARK,20260403_corporate.txt
L26000175880,"NEXT MOVE LOGISTICS SOLUTIONS, LLC",FLAL,A,2989 SIESTA VIEW DR.,KISSIMMEE,,34744,03262026,,DE GRANDIS CLEMENTI EMMA,KISSIMMEE,FL,AMBR: DE GRANDIS CLEMENTI EMMA | AMBR: BORJAS AGUILAR      SULEYMA       C,20260403_corporate.txt
L26000175890,"RAMUDDEN URBAN SOLUTIONS, LLC",FLAL,A,109 DINNERBELL ROAD,BUTLER,,16002,03262026,,"URS AGENTS, LLC",TALLAHASSEE,FL,MGR: SCHULTZ             FORREST | MGR: RADCHUCK            PAUL          R,20260403_corporate.txt
L26000175910,J2Z TECH LLC,FLAL,A,3081 NW 20TH ST,FORT LAUDERDALE,,33311,04012026,,HARDEN              JONATHAN      Z,FORT LAUDERDALE,FL,MGR: HARDEN              JOHNATHAN     Z,20260403_corporate.txt
L26000175920,NAT PROPERTY MANAGEMENT LLC,FLAL,A,9300 CONROY WINDERMERE ROAD # 3212,WINDERMERE,,34786,03272026,,STEPHEN             SHILPA,WINDERMERE,FL,MGR: STEPHEN             SHILPA | MGR: STEPHEN             ASHISH,20260403_corporate.txt
L26000175960,HALSEY VENTURES LLC,FLAL,A,5505 MICANOPY DRIVE,MILTON,,32570,03262026,,SMITH               AMBER         M,MILTON,FL,AMBR: SMITH               AMBER         M | AMBR: SMITH               STEPHEN       M,20260403_corporate.txt
L26000176020,LEE DESIGN GROUP LLC,FLAL,A,1201 FAIRWAY AVE S,ST PETERSBURG,,33507,03262026,,LEE                 LOGAN,ST PETERSBURG,FL,MGR: LEE                 LOGAN,20260403_corporate.txt
L26000176200,GULF COAST MARINE SYSTEMS LLC,FLAL,A,7901 4TH ST N STE 300,ST. PETERSBURG,,33702,03262026,,REGISTERED AGENTS INC,ST. PETERSBURG,FL,,20260403_corporate.txt
L26000176210,"TAQ SOLUTIONS, LLC",FLAL,A,5981 WESTAFALL RD,GREENACRES,,33463,03262026,,"AFFIX TAX SOLUTIONS, LLC",LAKE WORTH,FL,MGR: PACHECO             MAURILIO,20260403_corporate.txt
L26000176230,"NEVERMISS AI, LLC",FLAL,A,50 N. LAURA STREET SUITE 2500,JACKSONVILLE,,32202,03262026,,BUCHANAN            STEVEN         JR,JACKSONVILLE,FL,AR: BUCHANAN            STEVEN         JR,20260403_corporate.txt
L26000176390,BLUTEK SYSTEMS LLC,FLAL,A,5864 SW 74TH TER APT C,MIAMI,,33143,04022026,415285114,PEREZ               IBRAHIN,MIAMI,FL,AMBR: PEREZ               IBRAHIN,20260403_corporate.txt
L26000176590,JT VENTURES DIGITAL LLC,FLAL,A,6022 WESTGATE DR AP 103,ORLANDO,,32835,03262026,,COSTA               JULIANA,ORLANDO,FL,MGR: COSTA               JULIANA,20260403_corporate.txt
L26000176600,GB QUALITY ELECTRICAL SOLUTIONS LLC,FLAL,A,3321 SILVERPOND DR,PLANT CITY,,33566,03262026,,CONTRERAS           GAMALIEL,PLANT CITY,FL,MGR: CONTRERAS           GAMALIEL | MGR: CONTRERAS           BETCY         K,20260403_corporate.txt
L26000176610,KJW LAUNDRY SOLUTIONS LLC,FLAL,A,4850 CEDAR BAY,KISSIMMEE,,34746,04262026,,PARIS INTEGRATED SERVICES LLC,KISSIMMEE,FL,MGR: LIRANZO             KEYLA         M | S: VERDEJO             JUAN          C | T: VOLQUEZ             WILDA         I,20260403_corporate.txt
L26000176740,LMZ WELLNESS LLC,FLAL,A,71 W 63RD ST,HIALEAH,,33012,03262026,,FERNANDEZ           LISANDRA,HIALEAH,FL,AMBR: FERNANDEZ           LISANDRA,20260403_corporate.txt
L26000176750,AAG INVESTMENT LLC,FLAL,A,28110 SW 175 AVE,HOMESTEAD,,33030,03252026,,SIDDIQKARA          GABRIELLA,MIAMI,FL,MGR: SIDDIQKARA          AKBAR         P | MGR: SIDDIQKARA          GABRIELLA | MGR: VIAMONTE            ARNALDO,20260403_corporate.txt
L26000175091,PRAEX CYBER INTELLIGENCE LABS LLC,FLAL,A,7901 4TH ST N STE 300,ST. PETERSBURG,,33702,03262026,,NORTHWEST REGISTERED AGENT LLC,ST. PETERSBURG,FL,,20260403_corporate.txt
L26000175191,EVERGREEN SOLUTIONS OF CENTRAL FLORIDA LLC,FLAL,A,1070 MONTGOMERY RD UNIT 330,ALTAMONTE SPRINGS,,32714,03262026,,MATEO CORTES        JOSE          LSR.,KISSIMMEE,FL,AMBR: KRAMER              AYDEN,20260403_corporate.txt
L26000175261,LOCHIUM FUNIS PROPERTY LLC,FLAL,A,225 E ROBINSON STREET STE 220,ORLANDO,,32801,03262026,,CORPORATE AGENT ALLIANCE LLC,ORLANDO,FL,MGR: DELBEN SILVA        ANDRE PAULO | MGR: REBOUCAS DE MELO    RAFAEL | MGR: PEDREIRA MAGALHAES  VICTOR,20260403_corporate.txt
L26000175271,BLESSED BY MAI L.L.C.,FLAL,A,4900 WE 46TH CT 908,OCALA,,34474,03262026,,ESTES               TATYANA,OCALA,FL,AMBR: ESTES               TATYANA,20260403_corporate.txt
L26000175281,NOCTUA MINOR PROPERTY LLC,FLAL,A,225 E ROBINSON STREET STE 220,ORLANDO,,32801,03262026,,CORPORATE AGENT ALLIANCE LLC,ORLANDO,FL,MGR: DELBEN SILVA        ANDRE PAULO | MGR: REBOUCAS DE MELO    RAFAEL | MGR: PEDREIRA MAGALHAES  VICTOR,20260403_corporate.txt
L26000175291,ARM PROPERTY  RENOVATION LLC,FLAL,A,20121 SW 92 AVE,CUTLER BAY,,33189,04012026,,CONTINO             ROBERTO,CUTLER BAY,FL,,20260403_corporate.txt
L26000175301,RAMUS POMIFER PROPERTY LLC,FLAL,A,225 E ROBINSON STREET STE 220,ORLANDO,,32801,03262026,,CORPORATE AGENT ALLIANCE LLC,ORLANDO,FL,MGR: DELBEN SILVA        ANDRE PAULO | MGR: REBOUCAS DE MELO    RAFAEL | MGR: PEDREIRA MAGALHAES  VICTOR,20260403_corporate.txt
L26000175311,JUAREZ DESIGN LLC,FLAL,A,7906 SANTA CLARA BLVD,FORT PIERCE,,34951,03262026,,JUAREZ              EDWIN         R,FORT PIERCE,FL,MGR: JUAREZ              EDWIN         R,20260403_corporate.txt
L26000175341,VULTUR CADENS PROPERTY LLC,FLAL,A,225 E ROBINSON STREET STE 220,ORLANDO,,32801,03262026,,CORPORATE AGENT ALLIANCE LLC,ORLANDO,FL,MGR: DELBEN SILVA        ANDRE PAULO | MGR: REBOUCAS DE MELO    RAFAEL | MGR: PEDREIRA MAGALHAES  VICTOR,20260403_corporate.txt
P26000017401,WOLF CONSULTING NETWORK INC.,DOMP,A,10155 CHERRY HILLS AVE CIR,BRADENTON,,34202,03272026,,WOLF                MICHAEL       H,BRADENTON,FL,P: WOLF                MICHAEL,20260403_corporate.txt
L26000175471,MARKETING SERVICES LANE LLC,FLAL,A,14629 SW 104TH ST 152,MIAMI,,33186,03262026,,BLANCO              ARIEL,MIAMI,FL,MGR: BLANCO              ARIEL,20260403_corporate.txt
P26000017451,MSPNTECHAI CORP.,DOMP,A,2410 OVERFALLS PL,WESLEY CHAPEL,,33543,03272026,,"LEGALZOOM USCA, INC.",FORT LAUDERDALE,FL,PD: LOGANATHAN          PRASSANNA | S: PRASSANNA           SRIVATSAN | T: SANKARAVADIVELU     NIRANJANA,20260403_corporate.txt
P26000017461,A.C.E INVESTMENT GROUP HOLDINGS INC,DOMP,A,6135 WOODVILLE HWY APT 12,TALLAHASSEE,,32305,03222026,,RAMOS               ANGEL         J,TALLAHASSEE,FL,P: RAMOS               ANGEL         J,20260403_corporate.txt
L26000175631,WELLMIND TECHNOLOGY  LLC,FLAL,A,378 BLUE BAYOU LANE,WINTER SPRINGS,,32708,03232026,,WALKER              SHAWNNA       D,WINTER SPRINGS,FL,AR: LOWE                EMORY         D,20260403_corporate.txt
L26000175831,ATALA INVESTMENTS LLC,FLAL,A,7387 SW 74TH LANE,MIAMI,,33143,04022026,,MESTAYER            ILIANA,MIAMI,FL,MMBR: MESTAYER            ILIANA,20260403_corporate.txt
P26000017551,1-2-3 LOPEZ HOME SOLUTIONS CORP,DOMP,A,15327 SW 58 TER,MIAMI,,33193,04012026,,LOPEZ MEJIAS        MAYKELL,MIAMI,FL,P: LOPEZ MEJIAS        MAYKELL,20260403_corporate.txt
L26000175871,METRIC ENGINEERING LLC,FLAL,A,13940 SW 136TH STREET SUITE 200,MIAMI,,33186,04012026,,PEREZ               MARILEY,MIAMI,FL,AMBR: BENITEZ             VERONICA,20260403_corporate.txt
P26000017561,GOLDEN BUILDING SUPPLIES INC,DOMP,A,16 ANN LEE LANE,TAMARAC,,33319,04022026,,BUDHOO              HEATHER,TAMARAC,FL,VP: BUDHOO              HEATHER | PRES: MITCHELL-DALEY      MELISSA | TRES: DALEY               KERA,20260403_corporate.txt
L26000176001,REITOL SOLUTIONS LLC,FLAL,A,6017 WASHINGTON STREET 500,HOLLYWOOD,,33023,03262026,,ARRECHEA            ODALIS,HOLLYWOOD,FL,AMBR: ARRECHEA            ODALIS,20260403_corporate.txt
L26000176031,"PENNY CAPITAL, LLC",FLAL,A,1135 KANE CONCOURSE SECOND FLOOR,BAY HARBOR ISLANDS,,33154,03262026,,RAIJMAN             GINA          N,BAY HARBOR ISLANDS,FL,MGR: RAIJMAN             GINA          N,20260403_corporate.txt
L26000176041,KALTARA EDUCATION GROUP LLC,FLAL,A,7901 4TH ST N STE 300,ST. PETERSBURG,,33702,03262026,,NORTHWEST REGISTERED AGENT LLC,ST. PETERSBURG,FL,AMBR: MORGAN              KEVIN,20260403_corporate.txt
L26000176091,"SELLER AI GROUP, LLC",FLAL,A,12470 NW 18TH CT,MIAMI,,33167,03262026,,INC AUTHORITY RA,ORLANDO,FL,MGR: CELESTIN            PIERRE,20260403_corporate.txt
L26000176131,BIG MAC FINANCIAL LLC,FLAL,A,7901 4TH ST N STE 300,ST. PETERSBURG,,33702,03262026,,NORTHWEST REGISTERED AGENT LLC,ST. PETERSBURG,FL,,20260403_corporate.txt
L26000176151,ALR INNOVATIVE SOLUTIONS LLC,FLAL,A,7901 4TH STREET N SUITE 300,ST PETERSBURG,,33702,03262026,,REGISTERED AGENTS INC,ST PETERSBURG,FL,AMBR: APV GLOBAL PARTNERS LLC,20260403_corporate.txt
L26000176171,"DIOFERDI CONSTRUCTION, LLC",FLAL,A,342 BLUFF LANE,APOPKA,,34712,03262026,,AGUILAR  OROZCO     OVELIS        D,APOPKA,FL,MGR: AGUILAR OROZCO      OVELIS        D,20260403_corporate.txt
L26000176491,FINN DIGITAL LLC,FLAL,A,9472 SOUTHWEST 67TH LANE,GAINESVILLE,,32608,03262026,,FINNEGAN            THOMAS,GAINESVILLE,FL,MGR: FINNEGAN            THOMAS,20260403_corporate.txt
L26000176541,STERLING CAPITAL INVESTMENTS LLC,FLAL,A,36152 PRIMROSE LN,ZEPHYRHILLS,,33541--208,03252026,,EVANS               RICHARD,ZEPHYRHILLS,FL,MGR: EVANS               RICHARD,20260403_corporate.txt
L26000176551,CALI VITAL SOLUTIONS LLC,FLAL,A,7901 4TH ST N STE 300,ST. PETERSBURG,,33702,03262026,,NORTHWEST REGISTERED AGENT LLC,ST. PETERSBURG,FL,AMBR: CALLAHAN            GIOVANNI,20260403_corporate.txt
L26000176651,"TOTAL PLAYER DEVELOPMENT, LLC",FLAL,A,5407 PENTAIL CIRCLE,TAMPA,,33625,03262026,,NARANJO             JUAN          J,TAMPA,FL,P: NARANJO             JUAN          J,20260403_corporate.txt
L26000176691,"VICTORIA'S HOUSE CAT CAY INVESTMENT PROPERTY UNIT 3B, LLC",FLAL,A,3525 NW 7TH ST,MIAMI,,33125,03222026,,RUIZ                JOHN          H,MIAMI,FL,,20260403_corporate.txt
L26000176711,NT MARKETING LLC,FLAL,A,7901 4TH ST N STE 300,ST. PETERSBURG,,33702,03262026,,SUNSHINE CORPORATE FILINGS LLC,ST. PETERSBURG,FL,AMBR: LIN                 LYNN,20260403_corporate.txt
L26000176731,"DESIGNS X NADINE, LLC",FLAL,A,"1266 1ST STREET, UNIT 108",SARASOTA,,34236,09202021,,KAUFMAN             KELLEY NADINE,SARASOTA,FL,AMBR: KAUFMAN             KELLEY NADINE,20260403_corporate.txt
L26000176741,"YH PROPERTY GROUP, LLC",FLAL,A,9 S. WILD OLIVE AVENUE,DAYTONA BEACH,,32118,03262026,,HUNG                YOHANA,DAYTONA BEACH,FL,AR: HUNG                YOHNA,20260403_corporate.txt
L26000176751,VISIONARY INVESTMENTS HOLDING COMPANY LLC,FLAL,A,558 STRASBURG DR,"PORT CHARLOTTE, FL",,33954,03262026,,OVERHOLT            JACOB         A,PORT CHARLOTTE,FL,MGR: OVERHOLT            JACOB         A,20260403_corporate.txt
L26000175092,PHSH CAPITAL LLC,FLAL,A,7901 4TH ST N STE 300,ST. PETERSBURG,,33702,03262026,,NORTHWEST REGISTERED AGENT LLC,ST. PETERSBURG,FL,,20260403_corporate.txt
L26000175152,COUSINS CAPITAL GROUP LLC,FLAL,A,1108 W KENNEDY BLVD,TAMPA,,33606,03262026,,MANSOUR             JOSEPH,TAMPA,FL,MGR: MANSOUR             JOSEPH | MGR: MANSOUR             GHASSAN | MGR: MANSOUR             MATTHEW | MGR: MANSOUR             AHMED,20260403_corporate.txt
L26000175162,DERBYBUILT CONSTRUCTION LLC,FLAL,A,7901 4TH ST N STE 300,ST. PETERSBURG,,33702,03262026,,REGISTERED AGENTS INC,ST. PETERSBURG,FL,,20260403_corporate.txt
L26000175242,HONORES FRIDERICI PROPERTY LLC,FLAL,A,225 E ROBINSON STREET STE 220,ORLANDO,,32801,03262026,,CORPORATE AGENT ALLIANCE LLC,ORLANDO,FL,MGR: DELBEN SILVA        ANDRE PAULO | MGR: REBOUCAS DE MELO    RAFAEL | MGR: PEDREIRA MAGALHAES  VICTOR,20260403_corporate.txt
L26000175252,501 PROPERTY USA LLC,FLAL,A,1525 N PARK DR SUITE 104,WESTON,,33326,03262026,,AV ACCOUNTING ASSOCIATES CORP,WESTON,FL,MGR: BERMUDEZ            MAURICIO,20260403_corporate.txt
L26000175262,"JOHNSON REAL ESTATE, LLC",FLAL,A,1621 BAY ROAD APT 601,MIAMI BEACH,,33139,03262026,,JOHNSON             EKATERINA,MIAMI BEACH,FL,MGR: JOHNSON             EKATERINA | MGR: JOHNSON             NEAL,20260403_corporate.txt
L26000175272,K2 MEDIA LLC,FLAL,A,1743 COBIA AVENUE,PORT ST JOE,,32456,03262026,,CHAVOUS             ALISHA        M,PORT ST JOE,FL,CEO: CHAVOUS             ALISHA        M,20260403_corporate.txt
L26000175312,TRIANGULUM MINUS PROPERTY LLC,FLAL,A,225 E ROBINSON STREET STE 220,ORLANDO,,32801,03262026,,CORPORATE AGENT ALLIANCE LLC,ORLANDO,FL,MGR: DELBEN SILVA        ANDRE PAULO | MGR: REBOUCAS DE MELO    RAFAEL | MGR: PEDREIRA MAGALHAES  VICTOR,20260403_corporate.txt
L26000175322,FOXX TRAIL CONSULTING GROUP LLC,FLAL,A,1221 N.W. 91ST AVE,PEMBROKE PINES,,33024,03302026,,CALIXTE             JILL          M,PEMBROKE PINES,FL,MGR: CALIXTE             JILL          M,20260403_corporate.txt
L26000175332,TURDUS MINOR PROPERTY LLC,FLAL,A,225 E ROBINSON STREET STE 220,ORLANDO,,32801,03262026,,CORPORATE AGENT ALLIANCE LLC,ORLANDO,FL,MGR: DELBEN SILVA        ANDRE PAULO | MGR: REBOUCAS DE MELO    RAFAEL | MGR: PEDREIRA MAGALHAES  VICTOR,20260403_corporate.txt
L26000175362,MARTIN AND MONTESSORI EDUCATION LLC,FLAL,A,5310 LENOX AVE. SUITE 22,JACKSONVILLE,,32205,03222026,,MARTIN              DEBORAH       S,JACKSONVILLE,FL,MGR: MARTIN              DEBORAH       S | AR: MARTIN              DEBORAH,20260403_corporate.txt
L26000175392,"BLOOM THERAPY AND WELLNESS, LLC",FLAL,A,501 NE 5TH TERRACE APT 320,FORT LAUDERDALE,,33301,04012026,,CLINE               VICTORIA,FORT LAUDERDALE,FL,MGR: CLINE               VICTORIA,20260403_corporate.txt
L26000175422,VULTUR VOLANS PROPERTY LLC,FLAL,A,225 E ROBINSON STREET STE 220,ORLANDO,,32801,03262026,,CORPORATE AGENT ALLIANCE LLC,ORLANDO,FL,MGR: DELBEN SILVA        ANDRE PAULO | MGR: REBOUCAS DE MELO    RAFAEL | MGR: PEDREIRA MAGALHAES  VICTOR,20260403_corporate.txt
L26000175462,MAS PROFIX SOLUTIONS LLC,FLAL,A,10828 NW 2ND AVE,MIAMI SHORES,,33168,03262026,,SCHELOTTO           NATALIA,MIAMI SHORES,FL,MGR: SCHELOTTO           NATALIA,20260403_corporate.txt
L26000175492,2H CONSULTING LLC,FLAL,A,13481 NW 5TH CT,PLANTATION,,33325,03262026,,HERNANDEZ           PAOLA,PLANTATION,FL,AMBR: HERNANDEZ           PAOLA         S,20260403_corporate.txt
P26000017482,PARAMOUNT MEDICAL SERVICES GROUP INC,DOMP,A,3730 W 10TH CT,HIALEAH,,33012,03272026,,SANCHEZ             DANIEL,HIALEAH,FL,P: SANCHEZ             DANIEL,20260403_corporate.txt
L26000175592,"GOINES LEGAL SOLUTIONS, PLLC",FLAL,A,1511 TIGER TOOTH PL,RUSKIN,,33570,03212026,,GOINES              TIFFANY,RUSKIN,FL,MGR: GOINES              TIFFANY,20260403_corporate.txt
L26000175612,"ASCERA DIGITAL, LLC",FLAL,A,2190 RESERVE PARK TRCE UNIT 11,PORT ST. LUCIE,,34986,03262026,,GONZALEZ            IVAN          J,PORT ST. LUCIE,FL,MGR: GONZALEZ            IVAN          J,20260403_corporate.txt
P26000017502,FOCUS CAPITAL & INFRASTRUCTURE CORP,DOMP,A,11440 NW 75 TERRACE,MEDLEY,,33178,03252026,,PEREZ PARILLI       JORGE,MEDLEY,FL,P: PEREZ PARILLI       JORGE,20260403_corporate.txt
L26000175742,"HRP ELITE CONSTRUCTION, LLC",FLAL,A,4764 BARTOW RD,GREENWOOD,,32443,03242026,,INC AUTHORITY RA,ORLANDO,FL,MGR: PERDUE              JORDAN | MGR: PERDUE              ERIC,20260403_corporate.txt
L26000175782,"DAGRIN DESIGN & CONSTRUCTION, LLC",FLAL,A,840 DARING DRIVE,DAVENPORT,,33837,03252026,,INC AUTHORITY RA,ORLANDO,FL,MGR: DAGRIN              DAVID,20260403_corporate.txt
L26000175812,"BRITO HOME SOLUTIONS, LLC",FLAL,A,1240 N PINE ISLAND RD APT 711,PLANTATION,,33324,03252026,,INC AUTHORITY RA,ORLANDO,FL,MGR: BRITO               LAZARO,20260403_corporate.txt
L26000175912,"HIGH HEAT CONSULTING, LLC",FLAL,A,1600 E. 8TH AVENUE SUITE A200,TAMPA,,33605,03262026,,RODRIGUEZ           LENNY          ESQ.,TAMPA,FL,MGR: RODRIGUEZ           LENNY          ESQ.,20260403_corporate.txt
L26000176002,JK VENTURES GROUP LLC,FLAL,A,3156 GREY MOSS DRIVE,SAINT CLOUD,,34773,03262026,,KRAHL               MELISSA       L,SAINT CLOUD,FL,MGR: JOHNSON             BRIAN | MGR: KRAHL               MELISSA       L,20260403_corporate.txt
L26000176032,"CLINICEASE MEDICAL CODING & REVENUE, LLC",FLAL,A,10761 SW 150TH TERRACE,MIAMI,,33176,03262026,,REYES               CAROLINA,MIAMI,FL,P: REYES               CAROLINA,20260403_corporate.txt
L26000176072,S&S GLOBAL INVESTMENTS LLC,FLAL,A,20900 NE 30TH AVENUE SUITE 714,AVENTURA,,33180,03262026,,SAME MONTERO        YANIESKY,AVENTURA,FL,MGR: SAME MONTERO        YANIESKY | MGR: RODRIGUEZ SOSA      SUSANA,20260403_corporate.txt
L26000176092,AHAVA MEDICAL CENTER LLC,FLAL,A,5911 NW 173RD DR UNIT 14,HIALEAH,,33015,04022026,415285193,ALOMA               DAYMA,HIALEAH,FL,AMBR: ALOMA               DAYMA,20260403_corporate.txt
L26000176112,REGAIN INVESTMENTS LLC,FLAL,A,30674 CHESAPEAKE BAY DR,WESLEY CHAPEL,,33543,03262026,,ABUOLIEM            ABDALLAH,WESLEY CHAPEL,FL,MGR: ABUOLIEM            ABDALLAH,20260403_corporate.txt
L26000176132,INVESTMENTS VJMJ LLC,FLAL,A,6822 NW 166TH TER 705,MIAMI LAKES,,33014,03262026,,CORDERO MANJARREZ   HODALYS,MIAMI LAKES,FL,AMBR: CORDERO MANJARREZ   HODALYS,20260403_corporate.txt
L26000176272,ARIA MEDICAL CENTERS LLC,FLAL,A,4777 W FLAGLER ST,MIAMI,,33134,03262026,,SANCHEZ MESA        NOSLEN,MIAMI,FL,MGR: SANCHEZ MESA        NOSLEN,20260403_corporate.txt
L26000176442,REVITI TECHNOLOGIES LLC,FLAL,A,334 VISTA OAK DR,LONGWOOD,,32779,03262026,,"LEGALZOOM USCA, INC.",FORT LAUDERDALE,FL,MGR: BAUERLE             ANNA          C,20260403_corporate.txt
L26000176472,VELO AI LLC,FLAL,A,121 N FAIRFAX AVE,WINTER SPRINGS,,32708,03262026,,HERRERA BURGOS      GABRIEL,WINTER SPRINGS,FL,MGR: HERRERA BURGOS      GABRIEL,20260403_corporate.txt
L26000176542,MANY NORTE DIGITAL LLC,FLAL,A,2 S BISCAYNE BOULEVARD SUITE 3200 -6786,MIAMI,,33131,04022026,,LUPA ENTERPRISES INC,MIAMI,FL,MGRM: JOSE FERNANDO PEREZ RIBERA | MBR: FERNANDO PARADA  DEUTSCH | MBR: ADLER CAROLINA COIMBRA LAHORE,20260403_corporate.txt
L26000176622,BRICK AND BRIDGE CAPITAL LLC,FLAL,A,7901 4TH ST N # 20071,ST. PETERSBURG,,33702,03232026,,ANDRADE MARIN       ANTONIO JOSE,ST. PETERSBURG,FL,MGRM: ANDRADE MARIN       ANTONIO JOSE | MGRM: SCHILLACI           YALINA,20260403_corporate.txt
L26000176632,"WELLRUN AI, LLC",FLAL,A,5671 DELACROIX TERRACE,PALM BEACH GARDENS,,33418,03262026,,COURTNEY            MATTHEW       R,PALM BEACH GARDENS,FL,AMBR: HSSC HOLDINGS LLC,20260403_corporate.txt
L26000176652,MCDONOUGH BUSINESS SOLUTIONS LLC,FLAL,A,8713 BOYSENBERRY DR,TAMPA,,33635,03262026,,MCDONOUGH           NICHOLAS      J,TAMPA,FL,MGR: MCDONOUGH           NICHOLAS      J,20260403_corporate.txt
L26000176662,JAYTYECAPITAL LLC,FLAL,A,1323 SE 17TH ST 1077,FORT LAUDERDATE,,33316,04012026,,DORVIL              JAMES,FORT LAUDERDALE,FL,MGR: DORVIL              JAMES,20260403_corporate.txt
L26000176672,TECHINSPECT SOLUTIONS LLC,FLAL,A,9635 RED LILY PLACE,ORLANDO,,32827,03262026,,KISH                ABIGAIL       P,ORLANDO,FL,AMBR: POURCHIER           ROBERT        E | AMBR: POURCHIER           RACHEL        E | AMBR: KISH                ABIGAIL       P,20260403_corporate.txt
L26000176722,JUNIPER CREATIVE ADVENTURES LLC,FLAL,A,14426 STAMFORD CIRCLE,ORLANDO,,32826,03262026,,MIESEN              JENNIFER,ORLANDO,FL,MGR: MIESEN              JENNIFER      M,20260403_corporate.txt
L26000175083,ARLAND PROPERTY HOLDINGS LLC,FLAL,A,7027 W BROWARD BLVD #853,PLANTATION,,33317,03262026,,BUSH                RICKY,MIAMI GARDENS,FL,AMBR: BUSH                RICKY,20260403_corporate.txt
L26000175103,SUMMIT TESTING SOLUTIONS LLC,FLAL,A,6930 40TH CT E,ELLENTON,,34222,03262026,,SMITH               MARISSA       L,ELLENTON,FL,MGR: SMITH               MARISSA       L,20260403_corporate.txt
L26000175113,MAG NUCLEAR CONSULTING LLC,FLAL,A,3216 LANDOVER BLVD,SPRING HILL,,34609,03262026,,GRIDER              MARK,SPRING HILL,FL,AMBR: GRIDER              MARK,20260403_corporate.txt
L26000175123,SUNSET GLOBAL VENTURES LLC,FLAL,A,7901 4TH ST N STE 300,ST. PETERSBURG,,33702,03262026,,NORTHWEST REGISTERED AGENT LLC,ST. PETERSBURG,FL,,20260403_corporate.txt
L26000175203,CANDACE SOLIZ CONSULTING LLC,FLAL,A,7901 4TH ST N STE 300,ST. PETERSBURG,,33702,03262026,,NORTHWEST REGISTERED AGENT LLC,ST. PETERSBURG,FL,,20260403_corporate.txt
L26000175223,APEX PROPERTY SOLUTIONS & INSTALLATION LLC,FLAL,A,1130 18TH AVE N 1,LAKE WORTH BEACH,,33460,03262026,,DECHANTS            ANTHONY       J,LAKE WORTH BEACH,FL,AP: DECHANTS            ANTHONY       J,20260403_corporate.txt
L26000175233,CERBERUS PROPERTY LLC,FLAL,A,225 E ROBINSON STREET STE 220,ORLANDO,,32801,03262026,,CORPORATE AGENT ALLIANCE LLC,ORLANDO,FL,MGR: DELBEN SILVA        ANDRE PAULO | MGR: REBOUCAS DE MELO    RAFAEL | MGR: PEDREIRA MAGALHAES  VICTOR,20260403_corporate.txt
L26000175253,JORDANUS PROPERTY LLC,FLAL,A,225 E ROBINSON STREET STE 220,ORLANDO,,32801,03262026,,CORPORATE AGENT ALLIANCE LLC,ORLANDO,FL,MGR: DELBEN SILVA        ANDRE PAULO | MGR: REBOUCAS DE MELO    RAFAEL | MGR: PEDREIRA MAGALHAES  VICTOR,20260403_corporate.txt
P26000017393,COMFORT-TECH AC INC,DOMP,A,2060 SW 90TH AVE UNIT C18,DAVIE,,33324,04022026,,PALUMBO             STEPHEN       J,DAVIE,FL,P: PALUMBO             STEPHEN       J,20260403_corporate.txt
F26000001983,ASSETA AI INC.,FORP,A,"203 E. 8TH ST., 3F",NEW YORK,,10128,04022026,,C T CORPORATION SYSTEM,PLANTATION,FL,PSD: PALMITER            DEAN | CEO: PALMITER            DEAN | D: KAUR                JASLEEN | DCTO: KENNEDY             DANIEL,20260403_corporate.txt
L26000175463,HLL INVESTMENTS GROUP LLC,FLAL,A,8669 NW STREET,MIAMI,,33166,04022026,,HUMBERTO JOSE LUENGO JR,MIAMI,FL,AMBR: HUMBERTO JOSE LUENGO JR,20260403_corporate.txt
P26000017453,ZENTRIX SOLUTIONS INC,DOMP,A,3523 SW 6TH STREET,MIAMI,,33135,03272026,,PILOTO RAMIREZ      MARLON,MIAMI,FL,"P, D: PILOTO RAMIREZ      MARLON",20260403_corporate.txt
L26000175513,MARALDO NORTHPORT INVESTMENTS LLC,FLAL,A,3651 UNIVERSITY PKWY,SARASOTA,,34243,03272026,,CLAROS              HECTOR        F,SARASOTA,FL,AR: CLAROS              HECTOR        F,20260403_corporate.txt
P26000017483,FUNDAMENTALS TI SYSTEMS CORP,DOMP,A,806 VERONA STREET STE 1,KISSIMMEE,,34741,03272026,,AVROS CORPORATION,KISSIMMEE,FL,P: NOGUEIRA MARINI     FABRIZIO | S: DE OLIVEIRA         NORMILDO BENTO,20260403_corporate.txt
L26000175593,"K4 PROPERTY GROUP, LLC",FLAL,A,"720 CHARLOTTE AVE.,",TARPON SPRINGS,,34689,04022026,,KOULIANOS           MARIA,TARPON SPRINGS,FL,MGR: KOULIANOS           JOHN          M | MGR: KOULIANOS           MARIA,20260403_corporate.txt
L26000175613,NICANABEN PROPERTY HOLDINGS LLC,FLAL,A,7901 4TH ST N STE 300,ST. PETERSBURG,,33702,03262026,,NORTHWEST REGISTERED AGENT LLC,ST. PETERSBURG,FL,,20260403_corporate.txt
L26000175693,COUNTERPUNCH CAPITAL LLC,FLAL,A,9270 UNIVERSITY PKWY,PEMSACOLA,,32514,03262026,,BARRINEAU IV        THOMAS,PEMSACOLA,FL,MGR: GILLIS              JOHN | AP: BARRINEAU IV        THOMAS,20260403_corporate.txt
L26000175743,POINCIANA REAL ESTATE INVESTMENT LLC,FLAL,A,2517 PEEKSKILL ROAD,VALRICO,,33594,03022026,,ACCOUNTAX SERVICES,APOPKA,FL,MGR: YEDAI LLC | MGR: SALVI ENTERPRISES LLC | AMBR: PATHAK PRASAD T | AMBR: BHANUSHALI SUHAS S | AMBR: KULKARNI PANKAJ P | AMBR: V&V RENTALS LLC,20260403_corporate.txt
L26000175793,"KINGDOM BEEZNESS INVESTMENT, LLC",FLAL,A,7725 HART DR,NORTH FORT MYERS,,33917,03182026,,INC AUTHORITY RA,ORLANDO,FL,MGR: MARTINEZ            SANDRA,20260403_corporate.txt
L26000175943,TEAM BARNES REAL ESTATE PLLC,FLAL,A,3405 HILLCREST DR,PANAMA CITY,,32405,03252026,,BARNES              SAYA,PANAMA CITY,FL,AMBR: BARNES              SAYA | MGR: BARNES              BRADLWY,20260403_corporate.txt
L26000175953,BLUE WHALE SOLUTIONS LLC,FLAL,A,205 TALLADEGA LN,POLK CITY,,33868,03262026,,DIAZ                JORGE,POLK CITY,FL,MGR: DIAZ                JORGE,20260403_corporate.txt
L26000176063,SOSELU INVESTMENTS LLC,FLAL,A,1709 ROYAL GROVE WAY,WESTON,,33327,04022026,,OSARIO              PAUL,WESTON,FL,MBR: OSARIO              PAUL | MBR: BALLON              SONIA,20260403_corporate.txt
P26000017563,DK GLOBAL SOLUTIONS CORP,DOMP,A,401 HIALEAH DR UNIT 331,HIALEAH,,33010,04022026,415284461,MENDOZA             DAYANA        F,HIALEAH,FL,PRES: MENDOZA             DAYANA        F,20260403_corporate.txt
L26000176163,YANEX INVESTMENTS LLC,FLAL,A,15927 CAPE CORAL LOOP,CLERMONT,,34714,04022026,,EXPAT CONSULTING CORP,ORLANDO,FL,AMBR: KUEN                YAM LI,20260403_corporate.txt
L26000176463,SUNSHINE WAREHOUSE SYSTEMS LLC,FLAL,A,2413 MAIN ST. STE 228,MIRAMAR,,33025,03262026,,"JA KISS HOLDINGS, INC",PLANTATION,FL,,20260403_corporate.txt
L26000176513,MORENO LANDSCAPE SOLUTIONS LLC,FLAL,A,2409 S 70TH ST,TAMPA,,33619,03262026,,MORENO              MIDELIS,TAMPA,FL,MGR: MORENO              MIDELIS,20260403_corporate.txt
L26000176613,PRECISION PROPERTY MEDIA LLC,FLAL,A,2162 SE 27TH DR,GAINESVILLE,,32601,03252026,,ADAMS               ROBERT        LJR,GAINESVILLE,FL,,20260403_corporate.txt
L26000175224,SAVVY INNOVATIONS LLC,FLAL,A,4277 PURDY LANE,WEST PALM BEACH,,33406,03262026,,REGISTERED AGENTS INC.,ST. PETERSBURG,FL,MGR: GELINA              KARLA,20260403_corporate.txt
L26000175234,HOMETEAM SPORTS CONSULTING  LLC,FLAL,A,131 SE 21ST ST,GAINESVILLE,,32641,03262026,,CLEMENTS            ASHTON,GAINESVILLE,FL,AMBR: CLEMENTS            ASHTON,20260403_corporate.txt
L26000175284,MUSCA AUSTRALIS PROPERTY LLC,FLAL,A,225 E ROBINSON STREET STE 220,ORLANDO,,32801,03262026,,CORPORATE AGENT ALLIANCE LLC,ORLANDO,FL,MGR: DELBEN SILVA        ANDRE PAULO | MGR: REBOUCAS DE MELO    RAFAEL | MGR: PEDREIRA MAGALHAES  VICTOR,20260403_corporate.txt
L26000175294,RHINOCEROS PROPERTY LLC,FLAL,A,225 E ROBINSON STREET STE 220,ORLANDO,,32801,03262026,,CORPORATE AGENT ALLIANCE LLC,ORLANDO,FL,MGR: DELBEN SILVA        ANDRE PAULO | MGR: REBOUCAS DE MELO    RAFAEL | MGR: PEDREIRA MAGALHAES  VICTOR,20260403_corporate.txt
L26000175304,POLOPHYLAX MAJOR PROPERTY LLC,FLAL,A,225 E ROBINSON STREET STE 220,ORLANDO,,32801,03262026,,CORPORATE AGENT ALLIANCE LLC,ORLANDO,FL,MGR: DELBEN SILVA        ANDRE PAULO | MGR: REBOUCAS DE MELO    RAFAEL | MGR: PEDREIRA MAGALHAES  VICTOR,20260403_corporate.txt
L26000175324,VESPA PROPERTY LLC,FLAL,A,225 E ROBINSON STREET STE 220,ORLANDO,,32801,03262026,,CORPORATE AGENT ALLIANCE LLC,ORLANDO,FL,MGR: DELBEN SILVA        ANDRE PAULO | MGR: REBOUCAS DE MELO    RAFAEL | MGR: PEDREIRA MAGALHAES  VICTOR,20260403_corporate.txt
L26000175344,XIPHIAS PROPERTY LLC,FLAL,A,225 E ROBINSON STREET STE 220,ORLANDO,,32801,03262026,,CORPORATE AGENT ALLIANCE LLC,ORLANDO,FL,MGR: DELBEN SILVA        ANDRE PAULO | MGR: REBOUCAS DE MELO    RAFAEL | MGR: PEDREIRA MAGALHAES  VICTOR,20260403_corporate.txt
L26000175354,"MANGLARDI MEDICAL AESTHETICS, LLC",FLAL,A,4207 GABRIELLA LANE,WINTER PARK,,32792,03262026,,MANGLARDI           ERIN          E,WINTER PARK,FL,MGR: MANGLARDI           ERIN          E,20260403_corporate.txt
L26000175364,CALMIA CONSULTING LLC,FLAL,A,450 ALTON ROAD APT 2310,MIAMI,,33139,03262026,,SIKACZOWSKI         NATALIA       S,MIAMI,FL,,20260403_corporate.txt
P26000017394,REDBRIDGE PHARMACEUTICALS INC,DOMP,A,161-21 JAMAICA AVENUE 4TH FLOOR,NEW YORK,,11432,04022026,,CORPORATE CREATIONS NETWORK INC.,NORTH PALM BEACH,FL,PRES: SULEYMANOV          AKSANS | DIR: ARONOV              TAMARA | DIR: DAVYDOFF            MIRA,20260403_corporate.txt
L26000175374,LAKE DRIVE PROPERTY OWNER LLC,FLAL,A,1700 79TH STREET CAUSEWAY SUITE 136,NORTH BAY VILLAGE,,33141,03252026,,EICHNER             IAN BRUCE      MR.,NORTH BAY VILLAGE,FL,MGR: EICHNER             IAN BRUCE,20260403_corporate.txt
L26000175384,AMARK TALENT SOLUTIONS LLC,FLAL,A,8903 GLADES ROAD STE A8 #4113,BOCA RATON,,33434,03262026,,ZENBUSINESS INC.,TALLAHASSEE,FL,AMBR: SIMACOV             RAVITAL,20260403_corporate.txt
P26000017434,"MACQUEEN ENGINEERING SOLUTIONS, INC",DOMP,A,1105 FREDRICK LANE,BRANDON,,33511,04012026,,KEATON              KAREN         S,ST PETERSBURG,FL,PSTD: CHAPPELL            RYAN          M,20260403_corporate.txt
L26000175514,2561 PALM AIRE LLC,FLAL,A,2651 S. PALM AIRE DR. #105,POMPANO BEACH,,33069,03262026,,DE VARONA LAW,BOCA RATON,FL,MGR: BUSTAMANTE ETTEDGUI JOSE          I,20260403_corporate.txt
P26000017484,SKY WINGS AVIATION TECH CORP,DOMP,A,21787 SW 194 AVE,MIAMI,,33170,03272026,,HASBUN ALVEZ        FUAD          A,MIAMI,FL,P: HASBUN ALVEZ        FUAD          A,20260403_corporate.txt
L26000175584,HUMAN SYSTEMS COLLECTIVE LLC,FLAL,A,525 COX ROAD,COCOA,,32926,03262026,,ZENBUSINESS INC.,TALLAHASSEE,FL,AMBR: CLAYTON ORRISON     ANNE          C,20260403_corporate.txt
L26000175624,GEO PROPERTY & HOME SERVICES LLC,FLAL,A,130 N BIG CYPRESS DR 216,ST JOHNS,,32259,03262026,,ZENBUSINESS INC.,TALLAHASSEE,FL,AMBR: TORRES              NANCY         L | AMBR: RAMIREZ CALDERON    EDUARDO       G,20260403_corporate.txt
L26000175664,MASTERS BUILDING COMPANY LLC,FLAL,A,890 CASSADAGA RD,LAKE HELEN,,32744,03262026,,MASTERS             TROY          A,LAKE HELEN,FL,MGR: MASTERS             TROY          A,20260403_corporate.txt
L26000175754,"FMN CREATIVE COLLECTIVE, LLC",FLAL,A,507 NW 9TH ST #2,HALLANDALE BEACH,,33009,03242026,,INC AUTHORITY RA,ORLANDO,FL,MGR: FREDERICK           WALTER,20260403_corporate.txt
L26000175774,FINANCIAL COACHING BY AUSTIN SMITH LLC,FLAL,A,636 VISTA VILLAGES BOULEVARD,DAVENPORT,,33896,04022026,,ZENBUSINESS INC.,TALLAHASSEE,FL,AMBR: SMITH               AUSTIN,20260403_corporate.txt
P26000017514,ANRE REMODELING CONSTRUCTION INC,DOMP,A,147 E OAKLAND PARK 209,OAKLAND PARK,,33334,03272026,,MORENO MARTINEZ     MAURICIO      A,OAKLAND PARK,FL,PRES: MORENO MARTINEZ     MAURICIO      A,20260403_corporate.txt
L26000175884,TCM HOME SOLUTIONS LLC.,FLAL,A,3034 SE ORANGE TREE PLACE,STUART,,34997,03262026,,EVAN                MARK          TJR.,STUART,FL,MR.: EVAN                MARK          TJR.,20260403_corporate.txt
L26000175914,COTTONE VENTURES LLC,FLAL,A,6805 PLEASANT OAKS PL,RIVERVIEW,,33578,03262026,,COTTONE             PHILIP        M,RIVERVIEW,FL,MGR: COTTONE             PHILIP        M,20260403_corporate.txt
L26000176024,PS TRUCKING TECH LLC,FLAL,A,2245 MALIBU LAKES CIRCLE APT 434,NAPLES,,34119,03262026,,SAINTILIEN          PRESLER,NAPLES,FL,AMBR: SAINTILIEN          PRESLER,20260403_corporate.txt
L26000176054,SUNSHINE BIOMED SOLUTIONS LLC,FLAL,A,9701 NE 2ND AVE #1189,MIAMI SHORES,,33138,03262026,,JACKSON             SHAKELA,MIAMI SHORES,FL,MGR: JACKSN              SHAKELA,20260403_corporate.txt
L26000176064,REALTY AI LLC,FLAL,A,2261 KERRA LN,NAVARRE,,32566,03262026,,JONES               KIOWA         D,NAVARRE,FL,MGR: JONES               KIOWA         D,20260403_corporate.txt
L26000176094,HCG CONSTRUCTION FLORIDA LLC,FLAL,A,"8089 WOODEN DR,",SPRING HILL,,34606,03262026,,PINEIRO             YOANLY,SPRING HILL,FL,AMBR: PINEIRO             YOANLY | AMBR: PULLES              YARIANNA,20260403_corporate.txt
L26000176154,"A&D CONTRACTING SOLUTIONS, LLC",FLAL,A,11061 SW 60TH STREET,MIAMI,,33173,03262026,,SANCHEZ             DANIEL,MIAMI,FL,MGR: SANCHEZ             DANIEL | AMBR: SANCHEZ             ARICEL,20260403_corporate.txt
L26000176214,"OPTIMAL DIGITAL TRANSFORMATION GROUP, LLC",FLAL,A,5146 KERNWOOD CT,PALM HARBOR,,34685--361,03262026,,NORTON              TERESA,PALM HARBOR,FL,MGR: NORTON              TERESA,20260403_corporate.txt
L26000176264,MG & SG PROPERTY MANAGEMENT LLC,FLAL,A,420 N WINTER PARK DR,CASSELBERRY,,32707,03262026,,GERKEN              MICHAEL       J,CASSELBERRY,FL,AMBR: GERKEN              MICHAEL       J | AMBR: GERKEN              SULMA,20260403_corporate.txt
L26000176334,SOUTHBOUND CREATIVE LLC,FLAL,A,1048 40TH AVE NE,ST. PETERSBURG,,33703,03252026,,GILMORE             MICHAEL       W,ST. PETERSBURG,FL,MGR: GILMORE             MICHAEL       W | MGR: MARLOWE             JOHN-MICHAEL  D,20260403_corporate.txt
L26000176344,GEMSTONE FINANCIAL CONSULTING LLC,FLAL,A,"2275 BISCAYNE BOULEVARD, SUITE 2",MIAMI,,33137,04022026,,"ALEX D.SIRULNIK, P.A.",CORAL GABLES,FL,MGR: GEMSTONE CONSULTING GROUP LLC,20260403_corporate.txt
L26000176404,KOOSTA SYSTEMS LLC,FLAL,A,2315 NW FLAGLER TERRACE,MIAMI,,33125,03262026,,GUSTAVO             GONZALEZ,MIAMI,FL,,20260403_corporate.txt
L26000176514,"PED PRO SOLUTIONS, LLC",FLAL,A,"408 NORTHEAST 6TH STREET, UNIT 339",FT.LAUDERDALE,,33304,04022026,,"SPIEGEL & UTRERA, P.A.",MIAMI,FL,MGR: MARKOPOULOS         DANIEL        J,20260403_corporate.txt
L26000176764,HYPERFIBER SOLUTIONS LLC,FLAL,A,801 THREE ISLANDS BLVD 514,HALLANDALE BEACH,,33009,03262026,,KAZAKHMEDOV         RUSTAM,HALLANDALE BEACH,FL,MGR: RUSTAM KAZAKHMEDOV,20260403_corporate.txt
L26000175145,YALIAM REMODELING & CONSTRUCTION LLC,FLAL,A,611 NW 23 CT,MIAMI,,33125,03262026,,CONSUEGRA CRESPO    YAMIL,MIAMI,FL,MGR: CONSUEGRA CRESPO    YAMIL,20260403_corporate.txt
L26000175255,"KAEWE KEALOHA CONSULTING, LLC",FLAL,A,278 SW 3RD STREET,DEERFIELD BEACH,,33441,03262026,,DIAZ                JACQUELINE,DEERFIELD BEACH,FL,MGR: DIAZ                JACQUELINE,20260403_corporate.txt
L26000175265,EVER UPWARD SOLUTIONS LLC,FLAL,A,2135 NW SETTLE AVE,PORT SAINT LUCIE,,34986,03262026,,BARRETT             ROBERT        H,PORT SAINT LUCIE,FL,AMBR: BARRETT             ROBERT        H,20260403_corporate.txt
L26000175275,SALT PREP CONSULTING LLC,FLAL,A,455 LAKEVIEW DR,SANTA ROSSA BEACH,,32459,03252026,,MCNALLY             MARIO         RJR,SANTA ROSA BEACH,FL,MGR: MCNALLY             MARIO         RJR.,20260403_corporate.txt
L26000175295,ALYSSA JEAN MEDIA LLC,FLAL,A,27233 RIO VISTA CIR,BONITA SPRINGS,,34135,03262026,,TEETERS             ALYSSA,BONITA SPRINGS,FL,AMBR: TEETERS             ALYSSA,20260403_corporate.txt
L26000175315,"MACH VENTURES, LLC",FLAL,A,825 3RD AVENUE NORTH,JACKSONVILLE BEACH,,32250,03262026,,MACHULA             DEREK,JACKSONVILLE BEACH,FL,MGR: MACHULA             DEREK,20260403_corporate.txt
L26000175325,"OPTIMUM CONSULTING AND PROMOTIONS, LLC",FLAL,A,29255 CLARA DR,PUNTA GORDA,,33982,03262026,,SOUSER              ZACHERY,PUNTA GORDA,FL,MGR: SOUSER              ZACHERY,20260403_corporate.txt
L26000175345,WBL INVESTMENTS LLC,FLAL,A,2316 NW 161ST TERRACE,PEMBROKE PINES,,33028,03262026,,LESLIE LOHN LLC,ENGLEWOOD,FL,AMBR: CORTES-LOHN         KASEY | AMBR: BORJAS              CARLOS        A,20260403_corporate.txt
L26000175395,FREEDIVING ADVENTURES LLC,FLAL,A,11125 PARK BLVD SUITE 104-278,SEMINOLE,,33772,04022026,,INNOVATION BOUND LLC,SEMINOLE,FL,"AMBR: INNOVATION BOUND LLC | AMBR: MARTIN STEPANEK, LLC | AMBR: FERRIS              ANDREW        J",20260403_corporate.txt
L26000175415,COPEL CONSULTING LLC,FLAL,A,3208 E COLONIAL DRIVE SUITE 111,ORLANDO,,32803,03262026,,COPELAND            MEGAN         E,ORLANDO,FL,MGR: COPELAND            MEGAN         E,20260403_corporate.txt
P26000017405,RIVERGREEN DEVELOPMENT CORP,DOMP,A,5600 NORTH FEDERAL HIGHWAY,FORT LAUDERDALE,,33308,04012026,,LYNN                MARK          JESQ,FORT LAUDERDALE,FL,PRES: FEDEI               NICHOLAS,20260403_corporate.txt
L26000175475,SUMMIT MEDIA SOLUTIONS LLC,FLAL,A,1100 PARK CENTRAL BLVD S STE 2600,POMPANO BEACH,,33064,03252026,,POWERS              JAMES,POMPANO BEACH,FL,AMBR: POWERS              JAMES,20260403_corporate.txt
L26000175495,MENDEZ INVESTMENTS GROUP LLC,FLAL,A,3520 JAMAICA RUN LANE #1613,KISSIMMEE,,34741,03272026,,MENDEZ              LUIS,KISSIMMEE,FL,MGR: MENDEZ              LUIS,20260403_corporate.txt
L26000175505,"BIRD ISLAND ADVENTURES, LLC",FLAL,A,915 W SECOND AVENUE,WINDERMERE,,34786,03262026,,MCCARTHY            JAMS          AJR.,WINDERMERE,FL,MGR: MCCARTHY            JAMES         AJR.,20260403_corporate.txt
F26000001985,"COX AUTOMOTIVE MOBILITY SOLUTIONS, INC.",FORP,A,6205 PEACHTREE DUNWOODY RD.,ATLANTA,,30328,04022026,,CORPORATION SERVICE COMPANY,TALLAHASSEE,FL,SD: HIGHTOWER           JENNIFER | PD: ROWLEY              STEPHEN       M | VPT: ODOM                CHARLES       L | VPD: LETOURNEAU          SCOTT | VPAT: SIEGEL              REBECCA       L | AS: LUCY                DEBORAH       M,20260403_corporate.txt
L26000175525,MECHANICAL CLAIM SOLUTIONS LLC,FLAL,A,1001 59TH STREET SOUTH,GULFPORT,,33707,03262026,,ZENBUSINESS INC.,TALLAHASSEE,FL,AMBR: BRAZIL              BREIANA       M,20260403_corporate.txt
L26000175545,LITTLE FOOT AIR QUALITY LLC,FLAL,A,249 40TH AVE S,JACKSONVILLE BEACH,,32250,03262026,,"FINANCIAL SOLUTION ADVISORS CPA, LLC",JACKSONVILLE,FL,AMBR: BRADLEY             NICHOLAS,20260403_corporate.txt
L26000175595,LAMEDA SOLUTIONS LLC,FLAL,A,1603 RED CEDAR DRIVE 15,FORT MYERS,,33907,03232026,,LAMEDA MORILLO      JESUS         D,FORT MYERS,FL,,20260403_corporate.txt
L26000175635,PEACOCK HOME SOLUTIONS LLC,FLAL,A,2080 SOUTH COURTENAY PKWY,MERRITT ISLAND,,32952,03212026,,PEACOCK             JEREMY,MERRITT ISLAND,FL,MGR: PEACOCK             JEREMY,20260403_corporate.txt
L26000175645,LA BELLE JOANA HAIR DESIGN LLC,FLAL,A,291 NW 144TH ST,MIAMI,,33168,04012026,,JOSEPH              JOANA,MIAMI,FL,MGR: JOSEPH              JOANA,20260403_corporate.txt
L26000175715,AYOMA FINANCIAL L.L.C,FLAL,A,698 NORTHEAST 1ST AVENUE 3805,MIAMI,,33132,03262026,,AYOMA               DAVID         O,MIAMI,FL,PRES: AYOMA               DAVID         O,20260403_corporate.txt
L26000175735,"BALISTRIERI FINANCIAL, LLC",FLAL,A,218 NW 8TH ST 1806,MIAMI,,33136,03242026,,INC AUTHORITY RA,ORLANDO,FL,MGR: PEREZ               CHRISTOPHER,20260403_corporate.txt
L26000175745,"RMZ FENCE & EXTERIOR SOLUTIONS, LLC",FLAL,A,223 HIBISCUS PKWY W,LAKELAND,,33815,03242026,,INC AUTHORITY RA,ORLANDO,FL,MGR: RAMIREZ             MANUEL,20260403_corporate.txt
L26000175755,RIDGE CAPITAL LLC,FLAL,A,445 W 40TH ST #402831,MIAMI BEACH,,33140,04012026,,SUNSHINE STATE CORPORATE COMPLIANCE CO,TALLAHASSEE,FL,MGR: BERLINER            ERIC,20260403_corporate.txt
L26000175765,"PREMIUM HEALTHCARE STAFFING, LLC",FLAL,A,10924 GOLDEN SILENCE DR,RIVERVIEW,,33579,03242026,,INC AUTHORITY RA,ORLANDO,FL,MGR: UKPONG              CHRISTOPHER,20260403_corporate.txt
P26000017535,"MAXIMO FERNANDEZ PROPERTY MANAGEMENT, P.A.",DOMP,A,333 N UNIVERSITY DR 422,PLANTATION,,33324,03292026,,FERNANDEZ           MAXIMO        A,PLANTATION,FL,P: FERNANDEZ           MAXIMO,20260403_corporate.txt
P26000017545,"ALPHA CREDIT & CAPITAL READINESS, INC.",DOMP,A,217 SE 1ST AVENUE SUITE 200 200,OCALA,,34471,03302026,,LANDMARK            JOSEPH,OCALA,FL,P: LANDMARK            JOSEPH,20260403_corporate.txt
L26000175835,"SECURE CYBER-IT, LLC",FLAL,A,12834 SHERINGHAM WAY,SARASOTA,,34240,03252026,,INC AUTHORITY RA,ORLANDO,FL,MGR: BLATZ               JOLYNN,20260403_corporate.txt
P26000017555,FINANZIE ASSETSFLOW CAPITAL INC,DOMP,A,10837 NORTHWEST 7TH STREET APT 23,MIAMI,,33172,03302026,,BAQUERO LOPEZ       LINDSAIDE     J,MIAMI,FL,P: BAQUERO LOPEZ       LINDSAIDE     J,20260403_corporate.txt
L26000176205,NUON CONSULTING LLC,FLAL,A,6420 WASHINGTON STREET,HOLLYWOOD,,33023,03262026,,BELTRAN             KATHERINE,HOLLYWOOD,FL,MGR: BELTRAN             KATHERINE,20260403_corporate.txt
L26000176275,GVO MEDIA LLC,FLAL,A,879 OUTER ROAD STE B,ORLANDO,,32814,03262026,,LAUS CONSULTING SERVICES LLC,ORLANDO,FL,AMBR: PUMPLE              JEFF | AMBR: PUMPLE              JESSICA,20260403_corporate.txt
L26000176455,"FLORIDA FIRST PROPERTY SERVICES, LLC",FLAL,A,1322 SE 46TH LANE 201,CAPE CORAL,,33904,03262026,,ESTRADA CRUZ        MARIA         F,CAPE CORAL,FL,AP: ESTRADA CRUZ        MARIA         F,20260403_corporate.txt
L26000176485,JAMKAT RV SOLUTIONS LLC,FLAL,A,505 NW 21ST AVE 103,CHEIFLAND,,32626,03262026,,ANTLEY              JAMES         RJR,CHEIFLAND,FL,,20260403_corporate.txt
L26000176525,BELMARE INVESTMENTS LLC,FLAL,A,6412 N UNIVERSITY DR 7551B,TAMARAC,,33321,03262026,,MERCADO             YRCIA,TAMARAC,FL,AMBR: VICTORIA BONILLA    JOSE MANUEL,20260403_corporate.txt
L26000176545,T'S FAMILY MARKETING LLC,FLAL,A,8135 WHITE FENCES LN,VERO BEACH,,32968,03262026,,RETTEMNIER          THOMAS        CJR,VERO BEACH,FL,AMBR: RETTEMNIER          THOMAS        CJR.,20260403_corporate.txt
P26000017565,CLOUD HAVEN INC,DOMP,A,4027 CORTEZ ROAD,BRADENTON,,34210,04032026,,ZAHER               SAMIR,BRADENTON,FL,PRES: ZAHER               SAMIR,20260403_corporate.txt
L26000176665,"PARADISE WELLNESS AND RECOVERY, L.L.C.",FLAL,A,2091 MARLIN WAY,ENGLEWOOD,,34224,03262026,,BOLLIN              DOUGLAS       J,ENGLEWOOD,FL,MGR: BOLLIN              DOUGLAS       J,20260403_corporate.txt
L26000176675,"COVENANT COMMERCIAL CAPITAL, LLC",FLAL,A,50 EAGLE NEST LN.,ST. JOHNS,,32259,03262026,,BLENDEN             MELISSA,ST. JOHNS,FL,MGRM: BLENDEN             MELISSA | AMBR: HILLIARD            EDWARD,20260403_corporate.txt
L26000176725,EZRA REAL ESTATE HOLDINGS LLC,FLAL,A,LAMED ALEF STREET 45,"TEL AVIV, ISRAEL",,67673-56,03262026,,INCORP SERVICES INC,TALLAHASSEE,FL,AMBR: COHEN-HUSZTI        ALMOG | AMBR: COHEN               ROTEM,20260403_corporate.txt
L26000176735,GULFWAY APP L.L.C.,FLAL,A,205 SHORE DRIVE G,PALM HARBOR,,34683,03262026,,PIKOS               ANTHONY       M,PALM HARBOR,FL,MGR: PIKOS               ANTHONY       H | AP: PIKOS               REBECCA,20260403_corporate.txt
L26000175116,PRESTIGE STRUCTURE CONSULTING LLC,FLAL,A,3321 INDIAN TRL,EUSTIS,,32726,03262026,,NORTHWEST REGISTERED AGENT LLC,ST. PETERSBURG,FL,AMBR: KHALIL              MOHAMMAD,20260403_corporate.txt
L26000175126,KSTDESIGN LLC,FLAL,A,4410 CLUSTER DR,ORLANDO,,32808,03262026,,TEIXEIRA            KENNETH,ORLANDO,FL,MGR: TEIXEIRA            KENNETH,20260403_corporate.txt
L26000175166,D SMART SOLUTIONS LLC,FLAL,A,7901 4TH ST N STE 300,ST. PETERSBURG,,33702,03262026,,NORTHWEST REGISTERED AGENT LLC,ST. PETERSBURG,FL,AMBR: GONZALEZ            LEONARDO | AMBR: GONZALEZ            DAYANA,20260403_corporate.txt
L26000175196,SHILSTONE CONSTRUCTION LLC,FLAL,A,2647 18TH AVE N,ST PETERSBURG,,33713,03262026,,SHILSTONE           TIMOTHY       DJR,ST PETERSBURG,FL,AMBR: SHILSTONE           TIMOTHY       DJR.,20260403_corporate.txt
L26000175216,ASTERION PROPERTY LLC,FLAL,A,225 E ROBINSON STREET STE 220,ORLANDO,,32801,03262026,,CORPORATE AGENT ALLIANCE LLC,ORLANDO,FL,MGR: DELBEN SILVA        ANDRE PAULO | MGR: REBOUCAS DE MELO    RAFAEL | MGR: PEDREIRA MAGALHAES  VICTOR,20260403_corporate.txt
L26000175226,CANCER MINOR PROPERTY LLC,FLAL,A,225 E ROBINSON STREET STE 220,ORLANDO,,32801,03262026,,CORPORATE AGENT ALLIANCE LLC,ORLANDO,FL,MGR: DELBEN SILVA        ANDRE PAULO | MGR: REBOUCAS DE MELO    RAFAEL | MGR: PEDREIRA MAGALHAES  VICTOR,20260403_corporate.txt
L26000175246,ELOHIM LCM INVESTMENTS LLC,FLAL,A,15815 SHADDOCK DR STE 120,WINTER GARDEN,,34787,03262026,,DOMUS GLOBAL TAX ADVISORS LLC,WINTER GARDEN,FL,MGR: MUNIZ CHERENE       CLEBER,20260403_corporate.txt
L26000175266,MUSCA BOREALIS PROPERTY LLC,FLAL,A,225 E ROBINSON STREET STE 220,ORLANDO,,32801,03262026,,CORPORATE AGENT ALLIANCE LLC,ORLANDO,FL,MGR: DELBEN SILVA        ANDRE PAULO | MGR: REBOUCAS DE MELO    RAFAEL | MGR: PEDREIRA MAGALHAES  VICTOR,20260403_corporate.txt
L26000175276,WALLER UTILITY CONSULTING LLC,FLAL,A,10909 S. RUNNING DEER PT.,INVERNESS,,34452,03262026,,WALLER              TALIA         M,INVERNESS,FL,AR: WALLER              CHAD          W | AP: WALLER              SHYANNE       F,20260403_corporate.txt
L26000175286,PRIME TIME MARKETING LLC,FLAL,A,1631 DEL PRADO BLVD S SUITE 300 #1102,CAPE CORAL,,33990,03262026,,"DEZ ENTERPRISE, LLC",CAPE CORAL,FL,AMBR: MELENDEZ            JOSHUA,20260403_corporate.txt
L26000175356,SVJ HOME SOLUTIONS LLC,FLAL,A,7901 4TH ST N STE 300,ST. PETERSBURG,,33702,03262026,,NORTHWEST REGISTERED AGENT LLC,ST. PETERSBURG,FL,,20260403_corporate.txt
L26000175426,VAYL TECHNOLOGIES LLC,FLAL,A,594 CORAL GLEN LOOP 205,ALTAMONNTE SPRINGS,,32714,06162026,,ARCE                RONALD        MJR,ALTAMONTE SPRINGS,FL,AR: ARCE                RONALD        MJR,20260403_corporate.txt
P26000017416,AIAURORA TECH INC,DOMP,A,7901 4TH STREET NORTH STE 300,ST. PETERSBURG,,33702,03272026,,REGISTERED AGENTS INC,ST. PETERSBURG,FL,P: MITRA               SANDEEP SANGH | D: KUMARI              PREETI,20260403_corporate.txt
P26000017476,BESIL SOLUTIONS CORP,DOMP,A,612 SW 93RD PL,MIAMI,,3374,03272026,,FONT BESIL          LUIS          E,MIAMI,FL,P: FONT BESIL          LUIS          E,20260403_corporate.txt
P26000017486,CRT MEDIA CORP,DOMP,A,1239 E NEWPORT CENTER DR #115,DEERFIELD BEACH,,33442,03272026,,RDM BOOKKEEPING SERVICE & CONSULTING CORP,DEERFIELD BEACH,FL,P: SILVA RODRIGUES     THAILISON R | VP: SILVA RODRIGUES     CARITA LARISSA,20260403_corporate.txt
L26000175546,L&R CAPITAL GROUP LLC,FLAL,A,3725 S OCEAN DR 1207,HOLLYWOOD,,33019,03262026,,BOETTO              RUBEN,HOLLYWOOD,FL,AMBR: BOETTO              RUBEN | AMBR: COLLURA             LUIS,20260403_corporate.txt
L26000175556,CHAOBELLA CREATIVE LLC,FLAL,A,10919 N 29TH ST,TAMPA,,33612,03262026,,VANG                CHAO,TAMPA,FL,MGR: VANG                CHAO,20260403_corporate.txt
L26000175586,HOME SOLUTIONS BY JLN LLC,FLAL,A,7901 4TH ST N STE 300,ST. PETERSBURG,,33702,03262026,,NORTHWEST REGISTERED AGENT LLC,ST. PETERSBURG,FL,AMBR: VILASECA            JESUS,20260403_corporate.txt
L26000175666,REDSTONE EMPLOYER SOLUTIONS LLC,FLAL,A,6601 PARK OF COMMERCE BLVD,BOCA RATON,,33487,03262026,,"LEGALZOOM USCA, INC.",FORT LAUDERDALE,FL,MGR: OCHOA               CHRISTOPHER | MGR: LODNIA              KONSTANTIN | MGR: LODNIA              IVAN,20260403_corporate.txt
L26000175676,IRON RAPTOR PROPERTY GROUP LLC,FLAL,A,9008 FRONT BEACH ROAD,PANAMA CITY BEACH,,32407,03262026,,HOGAN               KATHRYN,PANAMA CITY BEACH,FL,MGR: HOGAN               BRYAN,20260403_corporate.txt
L26000175826,"EK MEDIA PRODUCTIONS, LLC",FLAL,A,4574 WINSTON LN N,SARASOTA,,34235,03252026,,INC AUTHORITY RA,ORLANDO,FL,MGR: CARCAMO             KRYSTA,20260403_corporate.txt
L26000175896,JM CONSTRUCTION AND PAVERS LLC,FLAL,A,6405 MERRIEWOOD DRIVE,ORLANDO,,32818,03262026,,BARILLAS SANTOS     JOSE MIGUEL,ORLANDO,FL,MGR: BARILLAS SANTOS     JOSE MIGUEL,20260403_corporate.txt
L26000175916,JTECH LLC SERVICE,FLAL,A,118 W ASTOR,DELRAY BEACH,,33484,03212026,,KOVACS              JASON         BMR,DELRAY BEACH,FL,AMBR: KOVACS              JASON         B,20260403_corporate.txt
L26000176006,ESS PANAMA CITY PROPERTY LLC,FLAL,A,7901 4TH ST N STE 300,ST PETERSBURG,,33702,03252026,,"REGISTERED AGENTS, INC",ST PETERSBURG,FL,MGR: ESS REAL ESTATE HOLDINGS LLC,20260403_corporate.txt
L26000176026,MORNING MERCY VENTURES LLC,FLAL,A,3880 SE 62ND STREET,OCALA,,34480,03262026,,MORNINGSTAR         WENDY         A,OCALA,FL,,20260403_corporate.txt
L26000176096,MC HOME & PROPERTY SERVICES LLC,FLAL,A,2506 PIERCE STREET 3A,HOLLYWOOD,,33020,03262026,,SERNA               SANDRA MILENA,HOLLYWOOD,FL,AMBR: SERNA               SANDRA MILENA | AMBR: RUA                 CARLOS,20260403_corporate.txt
L26000176106,HEARN CONSTRUCTION GROUP LLC,FLAL,A,996 BLOXHAM CUTOFF RD,CRAWFORDVILLE,,32327,03262026,,HEARN               RICHARD,CRAWFORDVILLE,FL,MGR: HEARN               RICHARD,20260403_corporate.txt
L26000176126,SUNCOAST VITALITY VENTURES LLC,FLAL,A,3730 MIDTOWN DRIVE APT 1609,TAMPA,,33607,03262026,,NORTHWEST REGISTERED AGENT LLC,ST. PETERSBURG,FL,,20260403_corporate.txt
L26000176186,ELEVARE ROOT MEDICAL LLC,FLAL,A,1616 W CAPE CORAL PKWY SUITE 102 PMB 1012,CAPE CORAL,,33914,03262026,,NEWMAN              TAYLOR,ST. PETERSBURG,FL,AMBR: ROMAN               YOLISA         APRN,20260403_corporate.txt
L26000176236,FUNKYTUNA.AI LLC,FLAL,A,7901 4TH ST N STE 300,ST. PETERSBURG,,33702,03262026,,REGISTERED AGENTS INC,ST. PETERSBURG,FL,AMBR: WILLIAMS            ADRIAN,20260403_corporate.txt
L26000176256,YAND MEDICAL CONSULTING LLC,FLAL,A,1023 NW 87TH TERRACE,GAINESVILLE,,32606,03262026,,HORNE               PATRICK       M,GAINESVILLE,FL,MGR: HORNE               MELISSA       A,20260403_corporate.txt
L26000176376,"INTEGRATED HSEQ & CSR SOLUTIONS, LLC",FLAL,A,3101 SW 18TH ST,MIAMI,,33145,03262026,,INC AUTHORITY RA,ORLANDO,FL,MGR: BUNAY               JUAN,20260403_corporate.txt
L26000176436,"MJ CELESTIAL BEAUTY AND WELLNESS, LLC",FLAL,A,880 3RD AVE S,ST. PETERSBURG,,33701,03262026,,INC AUTHORITY RA,ORLANDO,FL,MGR: PEREZ               MIA,20260403_corporate.txt
L26000176576,EH INVESTMENT HOLDINGS LLC,FLAL,A,472 S ROYAL POINCIANA BOULEVARD,MIAMI,,33166,03212026,,HERNANDEZ           ELBIS,MIAMI,FL,MGR: HERNANDEZ           ELBIS,20260403_corporate.txt
L26000176656,CLUBHOUSE VENTURES LLC,FLAL,A,435 21ST STREET 105,MIAMI BEACH,,33313-9,03262026,,GETSON              ELI,MIAMI BEACH,FL,AMBR: GETSON              ELI | AR: BERGMAN             MATTHEW,20260403_corporate.txt
L26000175117,"BANNER DRYWALL & HOME SOLUTIONS, LLC",FLAL,A,30641 EDGEWOOD ST,SORRENTO,,32776,03272026,,BANNER              WESLEY        C,SORRENTO,FL,MGR: MANDL               ASHLEY        M,20260403_corporate.txt
L26000175197,ELEVATE RE DEVELOPMENT LLC,FLAL,A,11518 NAVEL ORANGE WAY,TAMPA,,33626,03192026,,PRIMELY TAX LLC,ORLANDO,FL,AMBR: GGP VENTURES LLC | AMBR: B3 USA LLC,20260403_corporate.txt
L26000175247,FELIS LEO PROPERTY LLC,FLAL,A,225 E ROBINSON STREET STE 220,ORLANDO,,32801,03262026,,CORPORATE AGENT ALLIANCE LLC,ORLANDO,FL,MGR: DELBEN SILVA        ANDRE PAULO | MGR: REBOUCAS DE MELO    RAFAEL | MGR: PEDREIRA MAGALHAES  VICTOR,20260403_corporate.txt
L26000175257,BOSIC CONSULTING GROUP LLC,FLAL,A,434 SKINNER BLVD 205,DUNEDIN,,34698,03262026,,BOSIC               ROBERT        DIII,DUNEDIN,FL,AR: BOSIC               ROBERT        DIII,20260403_corporate.txt
L26000175327,SCEPTRUM ET MANUS JUSTITIAE PROPERTY LLC,FLAL,A,225 E ROBINSON STREET STE 220,ORLANDO,,32801,03262026,,CORPORATE AGENT ALLIANCE LLC,ORLANDO,FL,MGR: DELBEN SILVA        ANDRE PAULO | MGR: REBOUCAS DE MELO    RAFAEL | MGR: PEDREIRA MAGALHAES  VICTOR,20260403_corporate.txt
L26000175387,ANOLIA INVESTMENTS LLC,FLAL,A,8523 S D ST,LAKE WORTH,,33460,03262026,,CEPEDA              ALBERTO       N,LAKE WORTH,FL,MGR: CEPEDA              ALBERTO       N,20260403_corporate.txt
P26000017407,SYNDEW TECHNOLOGY INC,DOMP,A,"7901 4TH ST N, STE 300",ST. PETERSBURG,,33702,04022026,,REGISTERED AGENTS INC,ST. PETERSBURG,FL,DST: ODEYALE             AKINKUNMI | PRES: ODEYALE             AKINKUNMI,20260403_corporate.txt
L26000175457,ALELUYA TECHNOLOGIES LLC,FLAL,A,18464 TAPESTRY LAKE CIRCLE 302,LUTZ,,33548,03262026,,PIMENTEL            RAFAEL,LUTZ,FL,AR: PIMENTEL            RAFAEL,20260403_corporate.txt
L26000175477,CEDAR KEY VENTURES LLC,FLAL,A,414 PALERMO AVENUE,CORAL GABLES,,33134,03262026,,VELIZ & ASSOCIATES PA,CORAL GABLES,FL,MGR: RODRIGUEZ           MARIO | MGR: TASHMAN             AUDREY,20260403_corporate.txt
L26000175497,"AW INTEGRATED HEALTH CONSULTING, LLC",FLAL,A,11902 NORTHUMBERLAND DR,TAMPA,,33626,03262026,,WAZWAZ              ALLAH,TAMPA,FL,MGR: WAZWAZ              ALLAH,20260403_corporate.txt
L26000175537,GOOD WORX GLOBAL SOLUTIONS LLC,FLAL,A,405 CORNWALL CIRCLE,PENSACOLA,,32514,03262026,,GRICE               DERRICK,PENSACOLA,FL,MGR: GRICE               BRITTANY      B | AR: GRICE               DERRICK       D,20260403_corporate.txt
L26000175597,ART KENT DESIGN LLC,FLAL,A,3032 EAST COMMERCIAL BLVD.,FORT LAUDERDALE,,33308,09252024,,TERBRACK            KENNETH,FORT LAUDERDALE,FL,AMBR: TERBRACK            KENNETH,20260403_corporate.txt
L26000175687,"JSDB INVESTMENTS III, LLC",FLAL,A,1394 NE 48TH STREET,POMPANO BEACH,,33064,03262026,,BROW                JOEL          J,POMPANO BEACH,FL,MGR: BROW                JOEL          J | MGR: HAMMER              STEPHANIE     E | MGR: KOHLE               DANIELLE      M,20260403_corporate.txt
L26000175867,"R3J2 SOLUTIONS & CATTLE, LLC",FLAL,A,627 CENTURY DR,WINTER HAVEN,,33881,03252026,,INC AUTHORITY RA,ORLANDO,FL,MGR: FOLLETT II          RICHARD | MGR: FOLLETT III         RICHARD | MGR: FOLLETT             JOHN | MGR: FOLLETT             JOSHUA,20260403_corporate.txt
L26000175887,"E & B BILLIARD AND HOME SOLUTIONS, LLC",FLAL,A,845 ST CLAIRE ST,JACKSONVILLE,,32254,03262026,,BOSS                EVERETT,JACKSONVILLE,FL,MGR: BOSS                EVERETT | MGR: EVANS               JUSTIN,20260403_corporate.txt
L26000175897,UNITED AP SOLUTIONS LLC,FLAL,A,9340 NORTH 56TH STREET 200B,TEMPLE TERRACE,,33617,03262026,,PEEBLES             LEONARD,LAND O LAKES,FL,MGR: PEEBLES             LEONARD | MGR: PEEBLES             AMBREIA,20260403_corporate.txt
L26000175967,EASY DRILL SOLUTIONS LLC,FLAL,A,10863 TIMBER CREEK DR,FORT MYERS,,33913,03202026,,BLAS LOPEZ          DIEGO JOSE,FORT MYERS,FL,MGR: BLAS LOPEZ          DIEGO JOSE | MGR: PACHECO CABARCAS    CARLOS ANDRES,20260403_corporate.txt
L26000175977,EIDDI SOLUTIONS LLC,FLAL,A,7901 4TH ST N STE 300,ST. PETERSBURG,,33702,03262026,,NORTHWEST REGISTERED AGENT LLC,ST. PETERSBURG,FL,,20260403_corporate.txt
L26000175987,SINCLAIRS AIR AND HEAT LLC,FLAL,A,308 ORCHID BLVD,MELBOURNE,,32901,03212026,,DEDICATED TAX,WEST MELBOURNE,FL,MGR: SINCLAIR            CHASE,20260403_corporate.txt
L26000176037,C29 DEVELOPMENT LLC,FLAL,A,1641 COUNTRY COVE CIR,MALABAR,,32950,03212026,,DEDICATED TAX,WEST MELBOURNE,FL,MGR: MARCELINO           CHRISTOPHER,20260403_corporate.txt
L26000176047,OVER HUB DEVELOPMENT LLC,FLAL,A,2700 SOUTHWEST 116TH AVENUE,DAVIE,,33330,03262026,,BAILEY              ALLEN,DAVIE,FL,MGR: BAILEY              ALLEN,20260403_corporate.txt
L26000176057,MACHADO PROPERTY HOLDINGS LLC,FLAL,A,5200 SW 113TH AVE,DAVIE,,33330,03262026,,MACHADO             DENIS         L,DAVIE,FL,AMBR: MACHADO             DENIS         L | AMBR: MACHADO             SOLANGIE,20260403_corporate.txt
L26000176067,"AC2 INNOVATIONS, LLC.",FLAL,A,616 DESOTO AVE,LEHIGH ACRES,,33972--793,03262026,,MILLER              ALI           L,LEHIGH ACRES,FL,AMBR: MILLER              ALI           L | AMBR: CANTO               ALEJANDRO     D,20260403_corporate.txt
L26000176157,JR CAPITAL GROUP LLC,FLAL,A,140 S DIXIE HWY 601,HOLLYWOOD,,33020,03262026,,RICARVET            JUAN          PSR,HOLLYWOOD,FL,MGR: RICARVET            JUAN          PSR,20260403_corporate.txt
L26000176177,FAST TECH LLC,FLAL,A,7901 4TH ST N STE 300,ST. PETERSBURG,,33702,03262026,,ROBERTS             DAVID,ST. PETERSBURG,FL,AMBR: DAVID               KAMIL,20260403_corporate.txt
L26000176197,DMP DESIGN SERVICES OF FLORIDA LLC,FLAL,A,229 BOWMAN AVE S,LEHIGH ACRES,,33974,03262026,,PARAMO              VALENTINA,LEHIGH ACRES,FL,MGR: PARAMO              VALENTINA,20260403_corporate.txt
L26000176217,TECH MERX EQUIPMENT LLC,FLAL,A,1403 WELSON RD,ORLANDO,,32837,03262026,,SIDDIQUI            NURIN,ORLANDO,FL,MGR: SIDDIQUI            NURIN,20260403_corporate.txt
L26000176227,CLINICAL INTEGRITY CONSULTING LLC,FLAL,A,10305 HENBURY ST,ORLANDO,,32832,04022026,,MEIER               GREGORY       YESQ.,ORLANDO,FL,MGR: PETROVIC            MICHELLE,20260403_corporate.txt
L26000176237,AZR INVESTMENT LLC,FLAL,A,1000 RIVER REACH DRIVE APT. 107,FORT LAUDERDALE,,33315,03262026,,HARRY               SUE           A,FORT LAUDERDALE,FL,,20260403_corporate.txt
L26000176367,GLOBALCOIN CAPITAL LLC,FLAL,A,6080 DAVON ST,JACKSONVILLE,,32244,03262026,,SERRANO             ADRIANA       I,JACKSONVILLE,FL,MGR: SERRANO             ADRIANA       I | AMBR: ESPINOZA SERRANO    GERSON        D,20260403_corporate.txt
L26000176467,"THANK GOD CONSTRUCTION, LLC.",FLAL,A,18233 SW 139TH CT,MIAMI,,33177,03262026,,ALEMAN SANCHEZ      DARWIN        S,MIAMI,FL,AMBR: ALEMAN SANCHEZ      DARWIN        S,20260403_corporate.txt
L26000176477,DMC & ARCH SOLUTIONS LLC,FLAL,A,8739 ROBILINA RD,PORT RICHEY,,34668,04162026,,MARTINEZ CALISTRE   DAYRON,PORT RICHEY,FL,MGR: MARTINEZ CALISTRE   DAYRON,20260403_corporate.txt
L26000176507,"PATERSON DEVELOPMENT, LLC",FLAL,A,2701 NE 42ND ST,LIGHTHOUSE POINT,,33064,03222026,,PATERSON            TERENCE,LIGHTHOUSE POINT,FL,MGR: PATERSON            TERENCE | MBR: EASTERLING          JESSICA,20260403_corporate.txt
L26000176537,HAI LUA ENTERTAINMENT LLC,FLAL,A,9846 NW 49TH PL,CORAL SPRINGS,,33076,03262026,,PHAM                KEVIN DUNG,CORAL SPRINGS,FL,,20260403_corporate.txt
L26000176657,DB LEGACY INVESTMENTS LLC,FLAL,A,40 SW 13TH ST SUITE 501,MIAMI,,33130,03262026,,"LOIGICA, P.A.",MIAMI,FL,MGR: BULA NADER          MARIA ANGELICA,20260403_corporate.txt
L26000176737,PC WIRELESS SOLUTIONS LLC,FLAL,A,776 S TAMPA AVE UNIT C,ORLANDO,,32805,03262026,,PIERRE              BERGETTE,ORLANDO,FL,MGR: PIERRE              BERGETTE,20260403_corporate.txt
L26000176747,"UFG REAL ESTATE, LLC",FLAL,A,2121 VISTA PARKWAY,WEST PALM BEACH,,33411,03262026,,NICHOLS             MARK          D,WEST PALM BEACH,FL,P: TITUS               RAY           D | COO: LEE                 BRADY | CEO: NEWTON              RICHARD       T,20260403_corporate.txt
L26000176767,"AURORA PROPERTY GROUP, LLC",FLAL,A,4001 S OCEAN DR 6K,HOLLYWOOD,,33019,03202026,,CHOTAI              KALPESH       D,HOLLYWOOD,FL,MGR: CHOTAI              KALPESH       D,20260403_corporate.txt
L26000175118,DAVINA VENTURES LLC,FLAL,A,767 MILLBRAE CT UNIT 1,WEST PALM BEACH,,33401,03262026,,DAVINA              KEVIN         T,WEST PALM BEACH,FL,CEO: DAVINA              KEVIN         T | MGR: DAVINA              BRENDAN       T,20260403_corporate.txt
L26000175268,"BENCHSIDE BIOTECH CONSULTING, LLC",FLAL,A,311 S 2ND STREET 102-C,FORT PIERCE,,34950,04012026,,DEIULIO             ALEX          M,OCALA,FL,MGR: DEIULIO             ALEX          M,20260403_corporate.txt
L26000175328,SALT BRUSH CONSULT & DESIGN LLC,FLAL,A,1339 S MIRAMAR AVE,INDIALANTIC,,32903,04012026,,FENICCHIA           LAURA,INDIALANTIC,FL,AMBR: FENICCHIA           LAURA | AMBR: LOVE                JOSHUA,20260403_corporate.txt
P26000017398,GREEN GROVE DEVELOPMENT CORP,DOMP,A,5600 NORTH FEDERAL HIGHWAY,FORT LAUDERDALE,,33308,04012026,,LYNN                MARK          JESQ,FORT LAUDERDALE,FL,PRES: FIDEI               NICHOLAS,20260403_corporate.txt
L26000175428,2460 WORKSHOP INVESTMENT LLC,FLAL,A,3651 UNIVERSITY PKWY,SARASOTA,,34243,03282026,,CLAROS              HECTOR        F,SARASOTA,FL,AR: CLAROS              HECTOR        F,20260403_corporate.txt
P26000017408,ORCHARD MILLS DEVELOPMENT CORP,DOMP,A,5600 NORTH FEDERAL HIGHWAY,FORT LAUDERDALE,,33308,04012026,,LYNN                MARK          JESQ,FORT LAUDERDALE,FL,PRES: FIDEI               NICHOLAS,20260403_corporate.txt
L26000175438,JAVI-AIR COMFORT SOLUTIONS LLC,FLAL,A,4570 26TH AVE SW,NAPLES,,34116,03262026,,JIMENEZ             JAVIER,NAPLES,FL,AMBR: JIMENEZ             JAVIER,20260403_corporate.txt
P26000017428,AMPLIFIED BUSINESS SOLUTIONS INC.,DOMP,A,19091 SW 12TH ST,PEMBROKE PINES,,33029,03252026,,SARIN               AAYU,PEMBROKE PINES,FL,VP: SARIN               AAYU,20260403_corporate.txt
L26000175508,OAKAS AI LLC,FLAL,A,9777 TRANQUILITY LAKE CIR APT 206,RIVERVIEW,,33578,03262026,,MARTINO             ERIC,RIVERVIEW,FL,AMBR: MARTINO             ERIC | AMBR: GIGUERE             JAKE,20260403_corporate.txt
L26000175548,NOVEL INVESTMENTS GROUP LLC,FLAL,A,3227 SE 21ST AVE,GAINESVILLE,,32641,03252026,,DAVIS               CYNTHIA,GAINESVILLE,FL,MGR: DAVIS               CARL,20260403_corporate.txt
P26000017498,"L.I.S.A. RESEARCH DEVELOPMENT FOUNDATION, INC.",DOMP,A,5765 MAYPOP CIR,SARASOTA,,34238,03272026,,SUTRYK              JOHN          AP,SARASOTA,FL,PDST: SUTRYK              JOHN          A,20260403_corporate.txt
L26000175558,"BLESSED & GRATEFUL AI, LLC",FLAL,A,577 GOUGH PL,THE VILLAGES,,32163,03262026,,DONNELLY            SEAN,THE VILLAGES,FL,AMBR: DONNELLY            SEAN,20260403_corporate.txt
L26000175578,KEYSTONE CAPITAL PARTNERS LLC,FLAL,A,10609 LUCAYA DRIVE,TAMPA,,33647,05012026,,DAEPROP MANAGEMENT SERVICES LLC,TAMPA,FL,MGR: DAEPROP MANAGEMENT SERVICES LLC | MBR: DAEGROUP CAPITAL VENTURES LLC,20260403_corporate.txt
L26000175588,311 VENTURES LLC,FLAL,A,16097 NE 8TH AVE,NORTH MIAMI BEACH FL,,33162,03262026,,ESTRIPLET           MIKE          G,NORTH MIAMI BEACH,FL,AMBR: ESTRIPLET           MIKE          G,20260403_corporate.txt
L26000175608,RIMWISE INNOVATION II LLC,FLAL,A,111 2ND AVENUE NE STE 360,SAINT PETERSBURG,,33701,03262026,,COMPARETTO          ANTHONY       JESQ.,SAINT PETERSBURG,FL,,20260403_corporate.txt
L26000175698,"AMJ CONSULTING SOLUTIONS, LLC",FLAL,A,800 S. DAKOTA AVE #318,TAMPA,,33606,03242026,,JAMES               ANNELISE      M,TAMPA,FL,AMBR: JAMES               ANNELISE      M,20260403_corporate.txt
F26000001988,LIVE BETTER FINANCIAL CORP.,FORP,A,145 JURA CT,EL DORADO HILLS,,95762,04042026,260076202,REGISTERED AGENTS INC,ST PETERSBURG,FL,DPS: ROSEVEARE           SCOTT | T: ROSEVEARE           TRICIA,20260403_corporate.txt
L26000175828,"LARCO MEDICAL, LLC",FLAL,A,4058 71ST AVE N,PINELLAS PARK,,33781,03252026,,INC AUTHORITY RA,ORLANDO,FL,MGR: LARCO               DENNYS | MGR: VINUEZA             LIDIA,20260403_corporate.txt
L26000175948,RFC3 CONSULTING LLC,FLAL,A,8601 CABIN HILL ROAD,TALLAHASSEE,,32311--850,03262026,,COLLINS             ROBERT        FIII,TALLAHASSEE,FL,MGR: COLLINS             ROBERT        FIII,20260403_corporate.txt
L26000175968,TULVAPP ENTERTAINMENT LLC,FLAL,A,2006 ROOSEVELT DRIVE,KEY WEST,,33040,03252026,,PARKS               TEREZA,KEY WEST,FL,MGR: PARKS               TEREZA,20260403_corporate.txt
L26000175988,ORTIZ SLIDING DOOR SOLUTIONS LLC,FLAL,A,1006 ASHENTREE DR,PLANT CITY,,33563,03262026,,ORTIZ               BRYAN          MANAGER,PLANT CITY,FL,,20260403_corporate.txt
L26000176158,PRESTIGE MOUNT SOLUTIONS LLC,FLAL,A,1809 JACKSON STREET 913,HOLLYWOOD,,33020,03262026,,KORNILOV            ILIA,HOLLYWOOD,FL,AMBR: KORNILOV            ILIA | AMBR: KORNILOVA           ALEKSANDRA,20260403_corporate.txt
L26000176178,JM SOLUTIONS PAVERS LLC,FLAL,A,4354 NW 9TH AVE APT 12-2D,POMPANO BEACH,,33064,03262026,,ESCOBAR GONZALES    KEVIN         L,POMPANO BEACH,FL,AMBR: ESCOBAR GONZALES    KEVIN         L | MGR: RUIZ HENRIQUEZ      SINDY         P,20260403_corporate.txt
L26000176188,BLOW MOLDING SOLUTIONS LLC,FLAL,A,2127 LOCKLIN LN,THE VILLAGES,,32163,03262026,,"LEGALZOOM USCA, INC.",FORT LAUDERDALE,FL,AMBR: PADGETT             WILLIAM,20260403_corporate.txt
L26000176208,GOAL POST MARKETING LLC,FLAL,A,2584 LAKE HOWELL LN.,WINTER PARK,,32792,03262026,,GOLDMAN             THOMAS,APOPKA,FL,MGR: VAN STADEN          PHILIP | MGR: ROODT               THOMAS        B,20260403_corporate.txt
L26000176258,BECK BUILT DESIGNS LLC,FLAL,A,7901 4TH ST N STE 300,ST. PETERSBURG,,33702,03262026,,REGISTERED AGENTS INC,ST. PETERSBURG,FL,,20260403_corporate.txt
L26000176298,"SOUTHERN ADVOCACY SOLUTIONS FOR UNIQUE LEARNERS, LLC",FLAL,A,450 MOFFAT LOOP,OVIDEO,,32765,04012026,,MYERS               URSULA        P,OVIDEO,FL,MRS.: MYERS               URSULA        P,20260403_corporate.txt
L26000176438,"WMW PROPERTY GROUP, LLC",FLAL,A,11595 165TH ROAD NORTH,"JUPITER, FLORIDA",,33478,03212026,,WAKEFIELD           JESSICA       R,JUPITER,FL,AMBR: WAKEFIELD           JESSICA       R | AMBR: WAKEFIELD           STEPHEN       D | AMBR: MONTGOMERY          DUSTIN        B | MGR: WAKEFIELD           ROBIN         A,20260403_corporate.txt
L26000176558,TRIMAX POWER SYSTEMS LLC,FLAL,A,505 SW 16TH CT,FORT LAUDERDALE,,33315,04012026,,REGISTERED AGENTS INC,FORT LAUDERDALE,FL,MGR: TRIMAX HOLDINGS LLC,20260403_corporate.txt
L26000176628,M & M SOLUTIONS MULTI SERVICES LLC,FLAL,A,1031 TROY DR,LAKE WALES,,33853,03212026,,WILIAMS             BENJAMIN      T,LAKE WALES,FL,MGR: WILLIAMS            BENJAMIN      T,20260403_corporate.txt
L26000176668,LEVEL UP CLOSING SOLUTIONS LLC,FLAL,A,635 HERITAGE SQUARE DR,HAINES CITY,,33844,03262026,,SIQUEIRA            ERIKA,HAINES CITY,FL,AMBR: SIQUEIRA            ERIKA,20260403_corporate.txt
L26000176688,PB FARMS DEVELOPMENT LLC,FLAL,A,2435 NORTHWEST 53RD STREET,BOCA RATON,,33496,03262026,,TURI                LEONARD       PJR,"BOCA RATON,",FL,MGR: TURI                LEONARD        JR,20260403_corporate.txt
L26000176738,ATLAS INTERNATIONAL INVESTMENTS LLC,FLAL,A,117 NW 42ND AVE STE CU-1,MIAMI,,33126,03262026,,GESTORIA MIAMI LLC,MIAMI,FL,MGR: LASCANO             BORIS         A,20260403_corporate.txt
L26000175089,YQS CONSTRUCTION LLC,FLAL,A,1404 TRUMAN AVE,LEHIGH ACRES,,33972,03262026,,QUESADA MOLINA      YODALIS       YSR,LEHIGH ACRES,FL,AMBR: SAO QUESADA         YANKIEL       YJR,20260403_corporate.txt
L26000175189,MOOK AI SOLUTIONS LLC,FLAL,A,7901 4TH ST N STE 300,ST. PETERSBURG,,33702,03262026,,NORTHWEST REGISTERED AGENT,ST. PETERSBURG,FL,,20260403_corporate.txt
L26000175249,CUSTOS MESSIUM PROPERTY LLC,FLAL,A,225 E ROBINSON STREET STE 220,ORLANDO,,32801,03262026,,CORPORATE AGENT ALLIANCE LLC,ORLANDO,FL,MGR: DELBEN SILVA        ANDRE PAULO | MGR: REBOUCAS DE MELO    RAFAEL | MGR: PEDREIRA MAGALHAES  VICTOR,20260403_corporate.txt
L26000175259,COASTAL WELLNESS CITRUS LLC,FLAL,A,1811 SUNCOAST BOULEVARD,HOMOSASSA,,34448,03262026,,HEATH               HILARY,CRYSTAL RIVER,FL,,20260403_corporate.txt
L26000175269,B&F SOLUTIONS LLC,FLAL,A,14812 PORTER RD,WINTER GARDEN,,34787,03262026,,BACELAR             SUE           E,WINTER GARDEN,FL,AMBR: BACELAR             SUE           E | AMBR: FERLA               VALERIA       M,20260403_corporate.txt
L26000175349,MC DIGITAL GROUP LLC,FLAL,A,1485 21ST ST SW,NAPLES,,34117,03222026,,CAMPANILE           JOANNA,NAPLES,FL,AMBR: CAMPANILE           JOANNA | AMBR: MATOS               JANELL,20260403_corporate.txt
P26000017419,GOLDEN GLOBAL DEVELOPMENT INC,DOMP,A,6030 37TH STREET,VERO BEACH,,32966,04012026,,BASS                RICHARD,SEBASTIAN,FL,P: MENEGOLO            SADI | S: MENEGOLO            JEAN          P,20260403_corporate.txt
L26000175459,"DANIEL INTEGRITY CONSULTING, LLC",FLAL,A,10814 WESTSIDE STREET,GLEN ST MARY,,32040,03262026,,MALONEY             FRANK         EJR,MACCLENNY,FL,MGR: DANIEL              JOSHUA,20260403_corporate.txt
L26000175469,NISREEN PROPERTY SOLUTIONS LLC,FLAL,A,22 S TREASURE DR,TAMPA,,33609,03262026,,ALHASSANI           NISREEN,TAMPA,FL,MGR: ALHASSANI           NISREEN | MBR: ALHASSANI           YASIR,20260403_corporate.txt
L26000175549,SUNCOR SOLUTIONS LLC,FLAL,A,1018 WOODSHIRE LN,NAPLES,,34105,04012026,,ROBINSON            ROSS          C,NAPLES,FL,AMBR: ROBINSON            ROSS          C | AMBR: ROBINSON            ANGGIE        C,20260403_corporate.txt
F26000001989,"MARKETDESIGN CONSULTING, INC.",FORP,A,"126 N SALINA ST, UNIT 4",SYRACUSE,,13202,04022026,934325695,"CAPITOL CORPORATE SERVICES, INC.",TALLAHASSEE,FL,P: RUDY                KARA | TS: ANCONA              ELIZABETH,20260403_corporate.txt
L26000175889,PRACTICE FLOW SOLUTIONS LLC,FLAL,A,19655 E COUNTRY CLUB DR APT 602,MIAMI,,33180,03262026,,BARDA               MAURICE       M,MIAMI,FL,MGR: BARDA               MAURICE       M | MGR: ORBACH              MOSHE | MGR: KARIYEV             JOSEPH,20260403_corporate.txt
L26000175929,HUMANN ENTERPRISES AKA CREATIVE SHELLS LLC,FLAL,A,17011 CRAWLEY RD,ODESSA,,33556,03262026,,HUMANN              SUSAN         L,ODESSA,FL,MGR: HUMANN              SUSAN         L,20260403_corporate.txt
L26000175969,"TRUE HOME DEVELOPMENT, LLC",FLAL,A,1490 SAINT CLAIR RD,ENGLEWOOD,,34223,03262026,,ANANCHENKO          IVAN,ENGLEWOOD,FL,MGR: ANANCHENKO          IVAN,20260403_corporate.txt
L26000176009,561 ROOFING SOLUTIONS LLC,FLAL,A,135 TWO PINE DR,GREENACRES,,33413,03242026,,OSENDI CEBALLO      DARIEL,WEST PALM BEACH,FL,MGR: OSENDI CEBALLO      DARIEL,20260403_corporate.txt
L26000176069,"GEO'S CAR SERVICE SOLUTIONS, LLC.",FLAL,A,5200 SW 89TH PL,MIAMI,,33165,03262026,,GOMEZ GOMEZ         GEORGE        E,MIAMI,FL,AMBR: GOMEZ GOMEZ         GEORGE        E,20260403_corporate.txt
L26000176139,MODERN SPACE CONSTRUCTION LLC,FLAL,A,1631 N 69TH TERRACE,HOLLYWOOD,,33024,03262026,,PAZ                 GRASSIELA     Y,HOLLYWOOD,FL,MGR: PAZ                 GRASSIELA     Y,20260403_corporate.txt
L26000176239,HURRICANE PEDESTAL SYSTEMS LLC,FLAL,A,2251 BLOUNT RD,POMPANO BEACH,,33069,03262026,,ROWLAND             JERRY,POMPANO BEACH,FL,MGR: ROWLAND             JERRY,20260403_corporate.txt
L26000176249,LAB CLEANING SOLUTIONS LLC,FLAL,A,8613 BAYSHIRE WAY #180,ORLANDO,,32817,03202026,,BACHIN  TEJERA      LUIS          A,ORLANDO,FL,AMBR: BACHIN. TEJERA      LUIS          A,20260403_corporate.txt
L26000176279,GROUPER RIDGE CONSTRUCTION LLC,FLAL,A,3065 CHAMPION RING RD,FORT MYERS,,33905,03262026,,GARCIA              ELVIN         U,FORT MYERS,FL,AMBR: GARCIA              ELVIN         U,20260403_corporate.txt
L26000176529,TD LEGACY VENTURES LLC,FLAL,A,1726 E 7TH AVE STE 2,TAMPA,,33605,03262026,,DUBOSE II           ERNEST,SARASOTA,FL,AMBR: DUBOSE              ERNEST | AMBR: DUBOSE              EDWARD,20260403_corporate.txt
L26000176599,TOSBELL TECHNOLOGIES LLC,FLAL,A,150 SE 2ND AVE 1403 #6799,MIAMI,,33131,04022026,,LUPA ENTERPRISES INC,MIAMI,FL,MGRM: ISSA JOHNNY JADALLA MARIA MIGUEL,20260403_corporate.txt
L26000176619,"BRICKSTONE REAL ESTATE GROUP, LLC",FLAL,A,2198 MAN OF WAR,WEST PALM BEACH,,33411,04022026,,AHEARN              MICHAEL,WEST PALM BEACH,FL,MGR: AHEARN              MICHAEL,20260403_corporate.txt
L26000176669,ANS GROUP VENTURES LLC,FLAL,A,12665 PINNACLE LN,VENICE,,34293,03262026,,WANG                MIN,VENICE,FL,MGR: WANG                MIN,20260403_corporate.txt
L26000176699,LAGA CONSTRUCTION LLC,FLAL,A,45 BIRCH ST,HOLLYWOOD,,33023,03262026,,GARCIA ALEGRIA      LUIS          A,HOLLYWOOD,FL,AMBR: GARCIA ALEGRIA      LUIS          A,20260403_corporate.txt
L26000176719,"THREE JAYS DEVELOPMENT, LLC",FLAL,A,16432 BRAEBURN RIDGE TRAIL,DELRAY BEACH,,33446,03282026,,HARRIS              LAWRENCE      M,DELRAY BEACH,FL,MGR: HARRIS              LAWRENCE,20260403_corporate.txt
