doc_number,corp_name,status,filing_type,address_1,address_2,city,state,zip_code,file_date,fei_number,registered_agent,ra_city,ra_state,email_1,email_1_score,email_2,email_2_score,email_3,email_3_score,website_found
L26000175100,TECHFINLENS LLC,A,FLAL,7901 4TH ST N STE 300,,ST. PETERSBURG,,33702,03262026,,NORTHWEST REGISTERED AGENT LLC,ST. PETERSBURG,FL,support@yourmembership.com,MEDIUM,blog-generic-thumb-green@3x.jpg,LOW,subash@techfinlens.ai,LOW,https://www.techfinlens.ai
L26000175380,REFRESH CONSULTING AND SERVICES LLC,A,FLAL,17155 PRADO BLVD,,LOXAHATCHEE,,33470,03262026,,RODRIGUEZ           ISAAC,LOXAHATCHEE,FL,info@lrecd.org,HIGH,babaroa@rivierabeach.org,LOW,rmurray@rivierabeach.org,LOW,https://loxahatcheeriver.org
L26000175390,HENRY CLEANING SOLUTIONS LLC,A,FLAL,2070 ONEIDA COURT,,DELTONA,,32738,03262026,,SCOTT AND ASSOCIATES ACCOUNTING FIRM INC,APOPKA,FL,u003epublicrelations@homeadvisor.com,LOW,google-play-badge-60@2x.png,LOW,u003epartnerships@homeadvisor.com,LOW,https://arsolarcleaning.com
P26000017400,SUNNY ACRE DEVELOPMENT CORP.,A,DOMP,5600 NORTH FEDERAL HIGHWAY,,FORT LAUDERAL,,33308,04012026,,LYNN                MARK          JESQ,FORT LAUDERDALE,FL,support@wordtune.com,MEDIUM,vetted-ai@vetted.ai,LOW,modest@guitar.com,LOW,https://www.floridanegocio.com
L26000175500,MIPTAG ATHLETECH MANUFACTURING LLC,A,FLAL,66 WEST FLAGLER STREET,SUIT 900,MIAMI,,33130,03262026,,ZENBUSINESS INC.,TALLAHASSEE,FL,support@athletech.co,MEDIUM,miami@oztag.com,LOW,,,https://athletech.co
L26000175530,LAGUERRE CONSULTING GROUP LLC,A,FLAL,1015 NW 7TH ST,,BOYNTON BEACH,,33426,03262026,,LAGUERRE            LENNY,BOYNTON BEACH,FL,info@intelligencesquared.com,HIGH,updates@em.sothebys.com,LOW,editorialstaff@flipboard.com,LOW,https://jmail.world
P26000017480,JCM IMPROVEMENT AND SOLUTIONS INC,A,DOMP,2271 NW,159 AVE,PEMBROKE PINES,,33028,03272026,,MARIN               JUAN CARLOS,PEMBROKE PINES,FL,,,,,,,https://www.trulia.com
L26000175570,THE 90TH REFERRAL NETWORK LLC,A,FLAL,7284 W. PALMETTO PARK RD.,#101,BOCA RATON,,33433,03262026,,MOONILAL            LARRY,DEERFIELD BEACH,FL,info@inspirato.com,HIGH,u003einfo@inspirato.com,HIGH,partnerships@inspirato.com,LOW,https://lesserlawfirm.com
L26000175780,"NEXTWAVE VENDING SOLUTIONS, LLC",A,FLAL,2431 W 70TH ST,,HIALEAH,,33016,03252026,,INC AUTHORITY RA,ORLANDO,FL,support@nextwavevending.com,MEDIUM,,,,,https://nextwavevending.com
L26000175790,"STEVENSON DIGITAL, LLC",A,FLAL,933 W KALMIA DR,APT D2,LAKE PARK,,33403,03242026,,INC AUTHORITY RA,ORLANDO,FL,support@wordtune.com,MEDIUM,vetted-ai@vetted.ai,LOW,modest@guitar.com,LOW,https://chromewebstore.google.com
P26000017550,ALBA HOSPITALITY CONSULTING CORP.,A,DOMP,7350 SW 58TH CT APT 736,,SOUTH MIAMI,,33143,03302026,,"LEGALZOOM USCA, INC.",FORT LAUDERDALE,FL,info@intelligencesquared.com,HIGH,info@NewsChamber.com,HIGH,updates@em.sothebys.com,LOW,https://jmail.world
L26000175840,"POCKETHOUSE SYSTEMS, LLC",A,FLAL,1661 RINGLING BLVD,,SARASOTA,,34230,03252026,,INC AUTHORITY RA,ORLANDO,FL,contact@tempgmailer.com,HIGH,support@tempgmailer.com,MEDIUM,your@email.com,LOW,https://tempgmailer.com
L26000175880,"NEXT MOVE LOGISTICS SOLUTIONS, LLC",A,FLAL,2989 SIESTA VIEW DR.,,KISSIMMEE,,34744,03262026,,DE GRANDIS CLEMENTI EMMA,KISSIMMEE,FL,info@a1autotransport.com,HIGH,,,,,https://www.a1autotransport.com
L26000175890,"RAMUDDEN URBAN SOLUTIONS, LLC",A,FLAL,109 DINNERBELL ROAD,,BUTLER,,16002,03262026,,"URS AGENTS, LLC",TALLAHASSEE,FL,info@ramudden.us,HIGH,trafficmanagement@chevrontm.com,LOW,TrafficManagement@ChevronTM.com,LOW,https://www.chevrontm.com
L26000175910,J2Z TECH LLC,A,FLAL,3081 NW 20TH ST,,FORT LAUDERDALE,,33311,04012026,,HARDEN              JONATHAN      Z,FORT LAUDERDALE,FL,info@intelligencesquared.com,HIGH,updates@em.sothebys.com,LOW,editorialstaff@flipboard.com,LOW,https://jmail.world
L26000176060,"INDUSTRY FUSION PLATFORM A, LLC",A,FLAL,90 FORT WADE ROAD,SUITE 100,PONTE VEDRA,,32081,03262026,,MCCAFFERTY          HUGH          A,PONTE VEDRA,FL,support@wordtune.com,MEDIUM,vetted-ai@vetted.ai,LOW,modest@guitar.com,LOW,https://chromewebstore.google.com
L26000176070,"INDUSTRY FUSION PLATFORM, LLC",A,FLAL,90 FORT WADE ROAD,SUITE 100,PONTE VEDRA,,32081,03262026,,MCCAFFERTY          HUGH          A,PONTE VEDRA,FL,info@intelligencesquared.com,HIGH,support@atomicmail.io,MEDIUM,updates@em.sothebys.com,LOW,https://www.joinchargeback.com
L26000176200,GULF COAST MARINE SYSTEMS LLC,A,FLAL,7901 4TH ST N STE 300,,ST. PETERSBURG,,33702,03262026,,REGISTERED AGENTS INC,ST. PETERSBURG,FL,info@k2marinesystems.com,HIGH,office@daphne.od.ua,HIGH,ukraine@uniteammarine.com,LOW,https://k2marinesystems.com
L26000176210,"TAQ SOLUTIONS, LLC",A,FLAL,5981 WESTAFALL RD,,GREENACRES,,33463,03262026,,"AFFIX TAX SOLUTIONS, LLC",LAKE WORTH,FL,contact@tempgmailer.com,HIGH,support@tempgmailer.com,MEDIUM,your@email.com,LOW,https://en.wikipedia.org
L26000176230,"NEVERMISS AI, LLC",A,FLAL,50 N. LAURA STREET,SUITE 2500,JACKSONVILLE,,32202,03262026,,BUCHANAN            STEVEN         JR,JACKSONVILLE,FL,rayhanmahmood@nevermisshq.com,LOW,you@domain.com,LOW,,,https://nevermisshq.com
L26000176390,BLUTEK SYSTEMS LLC,A,FLAL,5864 SW 74TH TER APT C,,MIAMI,,33143,04022026,415285114,PEREZ               IBRAHIN,MIAMI,FL,janelle@blutek-water.com,LOW,,,,,https://powersupplycompanies.com
L26000176590,JT VENTURES DIGITAL LLC,A,FLAL,6022 WESTGATE DR,AP 103,ORLANDO,,32835,03262026,,COSTA               JULIANA,ORLANDO,FL,info@jtempreintedigital.com,HIGH,info@jtedigitalllc.com,HIGH,nexus@jtventures.eu,LOW,https://www.jtventures.eu
L26000176600,GB QUALITY ELECTRICAL SOLUTIONS LLC,A,FLAL,3321 SILVERPOND DR,,PLANT CITY,,33566,03262026,,CONTRERAS           GAMALIEL,PLANT CITY,FL,info@electricalsolutionsllc.com,HIGH,,,,,https://americanoelectrical.com
L26000176610,KJW LAUNDRY SOLUTIONS LLC,A,FLAL,4850 CEDAR BAY,,KISSIMMEE,,34746,04262026,,PARIS INTEGRATED SERVICES LLC,KISSIMMEE,FL,support@wordtune.com,MEDIUM,vetted-ai@vetted.ai,LOW,modest@guitar.com,LOW,https://smailpro.com
L26000175091,PRAEX CYBER INTELLIGENCE LABS LLC,A,FLAL,7901 4TH ST N STE 300,,ST. PETERSBURG,,33702,03262026,,NORTHWEST REGISTERED AGENT LLC,ST. PETERSBURG,FL,contact@tempgmailer.com,HIGH,support@tempgmailer.com,MEDIUM,your@email.com,LOW,https://tempgmailer.com
L26000175191,EVERGREEN SOLUTIONS OF CENTRAL FLORIDA LLC,A,FLAL,1070 MONTGOMERY RD,UNIT 330,ALTAMONTE SPRINGS,,32714,03262026,,MATEO CORTES        JOSE          LSR.,KISSIMMEE,FL,,,,,,,https://www.groupon.com
P26000017401,WOLF CONSULTING NETWORK INC.,A,DOMP,10155 CHERRY HILLS AVE CIR,,BRADENTON,,34202,03272026,,WOLF                MICHAEL       H,BRADENTON,FL,wolf_consulting@comcast.net,LOW,user@domain.com,LOW,,,https://www.city-data.com
P26000017451,MSPNTECHAI CORP.,A,DOMP,2410 OVERFALLS PL,,WESLEY CHAPEL,,33543,03272026,,"LEGALZOOM USCA, INC.",FORT LAUDERDALE,FL,support@realtor-help.invalid,MEDIUM,realtorrentals@move.com,LOW,customercare@realtor.com,LOW,https://www.wesleychapelnissan.com
L26000175631,WELLMIND TECHNOLOGY  LLC,A,FLAL,378 BLUE BAYOU LANE,,WINTER SPRINGS,,32708,03232026,,WALKER              SHAWNNA       D,WINTER SPRINGS,FL,contact@payhip.com,HIGH,,,,,https://wellmind.pnasoftware.com
P26000017551,1-2-3 LOPEZ HOME SOLUTIONS CORP,A,DOMP,15327 SW 58 TER,,MIAMI,,33193,04012026,,LOPEZ MEJIAS        MAYKELL,MIAMI,FL,info@indiantypefoundry.com,HIGH,,,,,https://truckingdatabase.com
L26000175871,METRIC ENGINEERING LLC,A,FLAL,13940 SW 136TH STREET SUITE 200,,MIAMI,,33186,04012026,,PEREZ               MARILEY,MIAMI,FL,,,,,,,
L26000175921,INTERMOBILE AMERICAS GROUP LLC,A,FLAL,2608 NW 72 AVE,,MIAMI,,33122,04032026,,MORENO              HILBIANE,MIAMI,FL,,,,,,,
L26000176001,REITOL SOLUTIONS LLC,A,FLAL,6017 WASHINGTON STREET,500,HOLLYWOOD,,33023,03262026,,ARRECHEA            ODALIS,HOLLYWOOD,FL,,,,,,,
L26000176091,"SELLER AI GROUP, LLC",A,FLAL,12470 NW 18TH CT,,MIAMI,,33167,03262026,,INC AUTHORITY RA,ORLANDO,FL,,,,,,,
L26000176151,ALR INNOVATIVE SOLUTIONS LLC,A,FLAL,7901 4TH STREET N SUITE 300,,ST PETERSBURG,,33702,03262026,,REGISTERED AGENTS INC,ST PETERSBURG,FL,,,,,,,
L26000176491,FINN DIGITAL LLC,A,FLAL,9472 SOUTHWEST 67TH LANE,,GAINESVILLE,,32608,03262026,,FINNEGAN            THOMAS,GAINESVILLE,FL,,,,,,,
L26000176551,CALI VITAL SOLUTIONS LLC,A,FLAL,7901 4TH ST N STE 300,,ST. PETERSBURG,,33702,03262026,,NORTHWEST REGISTERED AGENT LLC,ST. PETERSBURG,FL,,,,,,,
L26000176651,"TOTAL PLAYER DEVELOPMENT, LLC",A,FLAL,5407 PENTAIL CIRCLE,,TAMPA,,33625,03262026,,NARANJO             JUAN          J,TAMPA,FL,,,,,,,
L26000176691,"VICTORIA'S HOUSE CAT CAY INVESTMENT PROPERTY UNIT 3B, LLC",A,FLAL,3525 NW 7TH ST,,MIAMI,,33125,03222026,,RUIZ                JOHN          H,MIAMI,FL,,,,,,,
L26000175322,FOXX TRAIL CONSULTING GROUP LLC,A,FLAL,1221 N.W. 91ST AVE,,PEMBROKE PINES,,33024,03302026,,CALIXTE             JILL          M,PEMBROKE PINES,FL,,,,,,,
P26000017412,VIA SERVICE NETWORKS INC.,A,DOMP,7901 4TH ST N STE 300,,ST. PETERSBURG,,33702,03272026,,NORTHWEST REGISTERED AGENT LLC,ST. PETERSBURG,FL,,,,,,,
L26000175462,MAS PROFIX SOLUTIONS LLC,A,FLAL,10828 NW 2ND AVE,,MIAMI SHORES,,33168,03262026,,SCHELOTTO           NATALIA,MIAMI SHORES,FL,,,,,,,
L26000175492,2H CONSULTING LLC,A,FLAL,13481 NW 5TH CT,,PLANTATION,,33325,03262026,,HERNANDEZ           PAOLA,PLANTATION,FL,,,,,,,
L26000175592,"GOINES LEGAL SOLUTIONS, PLLC",A,FLAL,1511 TIGER TOOTH PL,,RUSKIN,,33570,03212026,,GOINES              TIFFANY,RUSKIN,FL,,,,,,,
L26000175612,"ASCERA DIGITAL, LLC",A,FLAL,2190 RESERVE PARK TRCE,UNIT 11,PORT ST. LUCIE,,34986,03262026,,GONZALEZ            IVAN          J,PORT ST. LUCIE,FL,,,,,,,
P26000017502,FOCUS CAPITAL & INFRASTRUCTURE CORP,A,DOMP,11440 NW 75 TERRACE,,MEDLEY,,33178,03252026,,PEREZ PARILLI       JORGE,MEDLEY,FL,,,,,,,
L26000175812,"BRITO HOME SOLUTIONS, LLC",A,FLAL,1240 N PINE ISLAND RD,APT 711,PLANTATION,,33324,03252026,,INC AUTHORITY RA,ORLANDO,FL,,,,,,,
L26000175912,"HIGH HEAT CONSULTING, LLC",A,FLAL,1600 E. 8TH AVENUE,SUITE A200,TAMPA,,33605,03262026,,RODRIGUEZ           LENNY          ESQ.,TAMPA,FL,,,,,,,
L26000176182,ANCHOR NETWORKING LLC,A,FLAL,2613 STONEGATE DRIVE,,TALLAHASSEE,,32308,04062026,,LOWE                DEAN,TALLAHASSEE,FL,,,,,,,
L26000176442,REVITI TECHNOLOGIES LLC,A,FLAL,334 VISTA OAK DR,,LONGWOOD,,32779,03262026,,"LEGALZOOM USCA, INC.",FORT LAUDERDALE,FL,,,,,,,
L26000176472,VELO AI LLC,A,FLAL,121 N FAIRFAX AVE,,WINTER SPRINGS,,32708,03262026,,HERRERA BURGOS      GABRIEL,WINTER SPRINGS,FL,,,,,,,
L26000176482,"SHORT CIRCUIT PISTONS TOO, LLC",A,FLAL,1637 SW 8TH STREET,SUITE 200,MIAMI,,33135,03262026,,FULLER              WILLIAM       O,MIAMI,FL,,,,,,,
L26000176542,MANY NORTE DIGITAL LLC,A,FLAL,2 S BISCAYNE BOULEVARD SUITE 3200 -6786,,MIAMI,,33131,04022026,,LUPA ENTERPRISES INC,MIAMI,FL,,,,,,,
L26000176562,"THE NETWORKING, LLC",A,FLAL,5973 NW 56TH PL,,TAMARAC,,33319,03262026,,LLOYD               DESMOND       D,TAMARAC,FL,,,,,,,
L26000176632,"WELLRUN AI, LLC",A,FLAL,5671 DELACROIX TERRACE,,PALM BEACH GARDENS,,33418,03262026,,COURTNEY            MATTHEW       R,PALM BEACH GARDENS,FL,,,,,,,
L26000176652,MCDONOUGH BUSINESS SOLUTIONS LLC,A,FLAL,8713 BOYSENBERRY DR,,TAMPA,,33635,03262026,,MCDONOUGH           NICHOLAS      J,TAMPA,FL,,,,,,,
L26000176672,TECHINSPECT SOLUTIONS LLC,A,FLAL,9635 RED LILY PLACE,,ORLANDO,,32827,03262026,,KISH                ABIGAIL       P,ORLANDO,FL,,,,,,,
L26000175103,SUMMIT TESTING SOLUTIONS LLC,A,FLAL,6930 40TH CT E,,ELLENTON,,34222,03262026,,SMITH               MARISSA       L,ELLENTON,FL,,,,,,,
L26000175113,MAG NUCLEAR CONSULTING LLC,A,FLAL,3216 LANDOVER BLVD,,SPRING HILL,,34609,03262026,,GRIDER              MARK,SPRING HILL,FL,,,,,,,
L26000175153,TERRASIGHT NETWORK LLC,A,FLAL,7901 4TH ST N STE 300,,ST. PETERSBURG,,33702,03262026,,NORTHWEST REGISTERED AGENT LLC,ST. PETERSBURG,FL,,,,,,,
L26000175203,CANDACE SOLIZ CONSULTING LLC,A,FLAL,7901 4TH ST N STE 300,,ST. PETERSBURG,,33702,03262026,,NORTHWEST REGISTERED AGENT LLC,ST. PETERSBURG,FL,,,,,,,
L26000175223,APEX PROPERTY SOLUTIONS & INSTALLATION LLC,A,FLAL,1130 18TH AVE N,1,LAKE WORTH BEACH,,33460,03262026,,DECHANTS            ANTHONY       J,LAKE WORTH BEACH,FL,,,,,,,
L26000175303,25TH ACRE REGENERATIVE INFRASTRUCTURE FUND LLC,A,FLAL,218 E BEARSS AVE #340,,TAMPA,,33613,03262026,,METZLER ADVISORY LLC,TAMPA,FL,,,,,,,
P26000017393,COMFORT-TECH AC INC,A,DOMP,2060 SW 90TH AVE UNIT C18,,DAVIE,,33324,04022026,,PALUMBO             STEPHEN       J,DAVIE,FL,,,,,,,
F26000001983,ASSETA AI INC.,A,FORP,"203 E. 8TH ST., 3F",,NEW YORK,,10128,04022026,,C T CORPORATION SYSTEM,PLANTATION,FL,,,,,,,
P26000017453,ZENTRIX SOLUTIONS INC,A,DOMP,3523 SW 6TH STREET,,MIAMI,,33135,03272026,,PILOTO RAMIREZ      MARLON,MIAMI,FL,,,,,,,
P26000017483,FUNDAMENTALS TI SYSTEMS CORP,A,DOMP,806 VERONA STREET,STE 1,KISSIMMEE,,34741,03272026,,AVROS CORPORATION,KISSIMMEE,FL,,,,,,,
L26000175673,BERRY BERRY FRUIT CO LLC,A,FLAL,8220 PATTERSON WOODS DR,4105,ORLANDO,,32821,03262026,,VU                  MAI,ORLANDO,FL,,,,,,,
L26000175953,BLUE WHALE SOLUTIONS LLC,A,FLAL,205 TALLADEGA LN,,POLK CITY,,33868,03262026,,DIAZ                JORGE,POLK CITY,FL,,,,,,,
P26000017563,DK GLOBAL SOLUTIONS CORP,A,DOMP,401 HIALEAH DR UNIT 331,,HIALEAH,,33010,04022026,415284461,MENDOZA             DAYANA        F,HIALEAH,FL,,,,,,,
L26000176463,SUNSHINE WAREHOUSE SYSTEMS LLC,A,FLAL,2413 MAIN ST.,STE 228,MIRAMAR,,33025,03262026,,"JA KISS HOLDINGS, INC",PLANTATION,FL,,,,,,,
L26000176513,MORENO LANDSCAPE SOLUTIONS LLC,A,FLAL,2409 S 70TH ST,,TAMPA,,33619,03262026,,MORENO              MIDELIS,TAMPA,FL,,,,,,,
L26000175194,FLORIDA PERMIT LLC,A,FLAL,1679 OAK PARK DR E,,CLEARWATER,,33764,03262026,,AHERN               COREY,CLEARWATER,FL,,,,,,,
L26000175224,SAVVY INNOVATIONS LLC,A,FLAL,4277 PURDY LANE,,WEST PALM BEACH,,33406,03262026,,REGISTERED AGENTS INC.,ST. PETERSBURG,FL,,,,,,,
L26000175234,HOMETEAM SPORTS CONSULTING  LLC,A,FLAL,131 SE 21ST ST,,GAINESVILLE,,32641,03262026,,CLEMENTS            ASHTON,GAINESVILLE,FL,,,,,,,
L26000175364,CALMIA CONSULTING LLC,A,FLAL,450 ALTON ROAD,APT 2310,MIAMI,,33139,03262026,,SIKACZOWSKI         NATALIA       S,MIAMI,FL,,,,,,,
L26000175384,AMARK TALENT SOLUTIONS LLC,A,FLAL,8903 GLADES ROAD,STE A8 #4113,BOCA RATON,,33434,03262026,,ZENBUSINESS INC.,TALLAHASSEE,FL,,,,,,,
P26000017434,"MACQUEEN ENGINEERING SOLUTIONS, INC",A,DOMP,1105 FREDRICK LANE,,BRANDON,,33511,04012026,,KEATON              KAREN         S,ST PETERSBURG,FL,,,,,,,
L26000175474,DONOVAN DOES IT ALL LLC,A,FLAL,11050 BRISTOL BAY DR APT 902,,BRADENTON,,34209,03262026,,DONOVAN             NICHOLAS,BRADENTON,FL,,,,,,,
L26000175514,2561 PALM AIRE LLC,A,FLAL,2651 S. PALM AIRE DR.,#105,POMPANO BEACH,,33069,03262026,,DE VARONA LAW,BOCA RATON,FL,,,,,,,
P26000017484,SKY WINGS AVIATION TECH CORP,A,DOMP,21787 SW 194 AVE,,MIAMI,,33170,03272026,,HASBUN ALVEZ        FUAD          A,MIAMI,FL,,,,,,,
L26000175584,HUMAN SYSTEMS COLLECTIVE LLC,A,FLAL,525 COX ROAD,,COCOA,,32926,03262026,,ZENBUSINESS INC.,TALLAHASSEE,FL,,,,,,,
L26000175884,TCM HOME SOLUTIONS LLC.,A,FLAL,3034 SE ORANGE TREE PLACE,,STUART,,34997,03262026,,EVAN                MARK          TJR.,STUART,FL,,,,,,,
L26000176024,PS TRUCKING TECH LLC,A,FLAL,2245 MALIBU LAKES CIRCLE,APT 434,NAPLES,,34119,03262026,,SAINTILIEN          PRESLER,NAPLES,FL,,,,,,,
L26000176054,SUNSHINE BIOMED SOLUTIONS LLC,A,FLAL,9701 NE 2ND AVE,#1189,MIAMI SHORES,,33138,03262026,,JACKSON             SHAKELA,MIAMI SHORES,FL,,,,,,,
L26000176064,REALTY AI LLC,A,FLAL,2261 KERRA LN,,NAVARRE,,32566,03262026,,JONES               KIOWA         D,NAVARRE,FL,,,,,,,
L26000176154,"A&D CONTRACTING SOLUTIONS, LLC",A,FLAL,11061 SW 60TH STREET,,MIAMI,,33173,03262026,,SANCHEZ             DANIEL,MIAMI,FL,,,,,,,
L26000176214,"OPTIMAL DIGITAL TRANSFORMATION GROUP, LLC",A,FLAL,5146 KERNWOOD CT,,PALM HARBOR,,34685--361,03262026,,NORTON              TERESA,PALM HARBOR,FL,,,,,,,
L26000176344,GEMSTONE FINANCIAL CONSULTING LLC,A,FLAL,"2275 BISCAYNE BOULEVARD, SUITE 2",,MIAMI,,33137,04022026,,"ALEX D.SIRULNIK, P.A.",CORAL GABLES,FL,,,,,,,
L26000176404,KOOSTA SYSTEMS LLC,A,FLAL,2315 NW FLAGLER TERRACE,,MIAMI,,33125,03262026,,GUSTAVO             GONZALEZ,MIAMI,FL,,,,,,,
L26000176514,"PED PRO SOLUTIONS, LLC",A,FLAL,"408 NORTHEAST 6TH STREET, UNIT 339",,FT.LAUDERDALE,,33304,04022026,,"SPIEGEL & UTRERA, P.A.",MIAMI,FL,,,,,,,
L26000176764,HYPERFIBER SOLUTIONS LLC,A,FLAL,801 THREE ISLANDS BLVD,514,HALLANDALE BEACH,,33009,03262026,,KAZAKHMEDOV         RUSTAM,HALLANDALE BEACH,FL,,,,,,,
L26000175255,"KAEWE KEALOHA CONSULTING, LLC",A,FLAL,278 SW 3RD STREET,,DEERFIELD BEACH,,33441,03262026,,DIAZ                JACQUELINE,DEERFIELD BEACH,FL,,,,,,,
L26000175265,EVER UPWARD SOLUTIONS LLC,A,FLAL,2135 NW SETTLE AVE,,PORT SAINT LUCIE,,34986,03262026,,BARRETT             ROBERT        H,PORT SAINT LUCIE,FL,,,,,,,
L26000175275,SALT PREP CONSULTING LLC,A,FLAL,455 LAKEVIEW DR,,SANTA ROSSA BEACH,,32459,03252026,,MCNALLY             MARIO         RJR,SANTA ROSA BEACH,FL,,,,,,,
L26000175325,"OPTIMUM CONSULTING AND PROMOTIONS, LLC",A,FLAL,29255 CLARA DR,,PUNTA GORDA,,33982,03262026,,SOUSER              ZACHERY,PUNTA GORDA,FL,,,,,,,
L26000175415,COPEL CONSULTING LLC,A,FLAL,3208 E COLONIAL DRIVE,SUITE 111,ORLANDO,,32803,03262026,,COPELAND            MEGAN         E,ORLANDO,FL,,,,,,,
P26000017405,RIVERGREEN DEVELOPMENT CORP,A,DOMP,5600 NORTH FEDERAL HIGHWAY,,FORT LAUDERDALE,,33308,04012026,,LYNN                MARK          JESQ,FORT LAUDERDALE,FL,,,,,,,
L26000175475,SUMMIT MEDIA SOLUTIONS LLC,A,FLAL,1100 PARK CENTRAL BLVD S,STE 2600,POMPANO BEACH,,33064,03252026,,POWERS              JAMES,POMPANO BEACH,FL,,,,,,,
F26000001985,"COX AUTOMOTIVE MOBILITY SOLUTIONS, INC.",A,FORP,6205 PEACHTREE DUNWOODY RD.,,ATLANTA,,30328,04022026,,CORPORATION SERVICE COMPANY,TALLAHASSEE,FL,,,,,,,
L26000175525,MECHANICAL CLAIM SOLUTIONS LLC,A,FLAL,1001 59TH STREET SOUTH,,GULFPORT,,33707,03262026,,ZENBUSINESS INC.,TALLAHASSEE,FL,,,,,,,
L26000175545,LITTLE FOOT AIR QUALITY LLC,A,FLAL,249 40TH AVE S,,JACKSONVILLE BEACH,,32250,03262026,,"FINANCIAL SOLUTION ADVISORS CPA, LLC",JACKSONVILLE,FL,,,,,,,
L26000175595,LAMEDA SOLUTIONS LLC,A,FLAL,1603 RED CEDAR DRIVE,15,FORT MYERS,,33907,03232026,,LAMEDA MORILLO      JESUS         D,FORT MYERS,FL,,,,,,,
L26000175635,PEACOCK HOME SOLUTIONS LLC,A,FLAL,2080 SOUTH COURTENAY PKWY,,MERRITT ISLAND,,32952,03212026,,PEACOCK             JEREMY,MERRITT ISLAND,FL,,,,,,,
L26000175745,"RMZ FENCE & EXTERIOR SOLUTIONS, LLC",A,FLAL,223 HIBISCUS PKWY W,,LAKELAND,,33815,03242026,,INC AUTHORITY RA,ORLANDO,FL,,,,,,,
P26000017545,"ALPHA CREDIT & CAPITAL READINESS, INC.",A,DOMP,217 SE 1ST AVENUE SUITE 200,200,OCALA,,34471,03302026,,LANDMARK            JOSEPH,OCALA,FL,,,,,,,
L26000175835,"SECURE CYBER-IT, LLC",A,FLAL,12834 SHERINGHAM WAY,,SARASOTA,,34240,03252026,,INC AUTHORITY RA,ORLANDO,FL,,,,,,,
L26000176205,NUON CONSULTING LLC,A,FLAL,6420 WASHINGTON STREET,,HOLLYWOOD,,33023,03262026,,BELTRAN             KATHERINE,HOLLYWOOD,FL,,,,,,,
L26000176485,JAMKAT RV SOLUTIONS LLC,A,FLAL,505 NW 21ST AVE,103,CHEIFLAND,,32626,03262026,,ANTLEY              JAMES         RJR,CHEIFLAND,FL,,,,,,,
P26000017565,CLOUD HAVEN INC,A,DOMP,4027 CORTEZ ROAD,,BRADENTON,,34210,04032026,,ZAHER               SAMIR,BRADENTON,FL,,,,,,,
L26000176685,SUNLIT HOMES LLC,A,FLAL,1016 W BEARSS AVE,,TAMPA,,33613--110,03262026,,VALDES              ALEXANDER     KSR,TAMPA,FL,,,,,,,
L26000176735,GULFWAY APP L.L.C.,A,FLAL,205 SHORE DRIVE,G,PALM HARBOR,,34683,03262026,,PIKOS               ANTHONY       M,PALM HARBOR,FL,,,,,,,
L26000175116,PRESTIGE STRUCTURE CONSULTING LLC,A,FLAL,3321 INDIAN TRL,,EUSTIS,,32726,03262026,,NORTHWEST REGISTERED AGENT LLC,ST. PETERSBURG,FL,,,,,,,
L26000175166,D SMART SOLUTIONS LLC,A,FLAL,7901 4TH ST N STE 300,,ST. PETERSBURG,,33702,03262026,,NORTHWEST REGISTERED AGENT LLC,ST. PETERSBURG,FL,,,,,,,
L26000175186,KEEPING IT IN THE COOP LLC,A,FLAL,2005 E DR MARTIN LUTHER KING JR BLVD,,TAMPA,,33610,03212026,,DAVIS               RESHEA,TAMPA,FL,,,,,,,
L26000175276,WALLER UTILITY CONSULTING LLC,A,FLAL,10909 S. RUNNING DEER PT.,,INVERNESS,,34452,03262026,,WALLER              TALIA         M,INVERNESS,FL,,,,,,,
L26000175356,SVJ HOME SOLUTIONS LLC,A,FLAL,7901 4TH ST N STE 300,,ST. PETERSBURG,,33702,03262026,,NORTHWEST REGISTERED AGENT LLC,ST. PETERSBURG,FL,,,,,,,
L26000175416,WEST MOBILE TIRE LLC,A,FLAL,422 S B ST APT B1,,LAKE WORTH,,33460,03262026,,ORDONEZ MENDEZ      RIGOBERTO,LAKE WORTH,FL,,,,,,,
L26000175426,VAYL TECHNOLOGIES LLC,A,FLAL,594 CORAL GLEN LOOP,205,ALTAMONNTE SPRINGS,,32714,06162026,,ARCE                RONALD        MJR,ALTAMONTE SPRINGS,FL,,,,,,,
P26000017416,AIAURORA TECH INC,A,DOMP,7901 4TH STREET NORTH,STE 300,ST. PETERSBURG,,33702,03272026,,REGISTERED AGENTS INC,ST. PETERSBURG,FL,,,,,,,
P26000017476,BESIL SOLUTIONS CORP,A,DOMP,612 SW 93RD PL,,MIAMI,,3374,03272026,,FONT BESIL          LUIS          E,MIAMI,FL,,,,,,,
L26000175586,HOME SOLUTIONS BY JLN LLC,A,FLAL,7901 4TH ST N STE 300,,ST. PETERSBURG,,33702,03262026,,NORTHWEST REGISTERED AGENT LLC,ST. PETERSBURG,FL,,,,,,,
L26000175666,REDSTONE EMPLOYER SOLUTIONS LLC,A,FLAL,6601 PARK OF COMMERCE BLVD,,BOCA RATON,,33487,03262026,,"LEGALZOOM USCA, INC.",FORT LAUDERDALE,FL,,,,,,,
L26000175916,JTECH LLC SERVICE,A,FLAL,118 W ASTOR,,DELRAY BEACH,,33484,03212026,,KOVACS              JASON         BMR,DELRAY BEACH,FL,,,,,,,
L26000176256,YAND MEDICAL CONSULTING LLC,A,FLAL,1023 NW 87TH TERRACE,,GAINESVILLE,,32606,03262026,,HORNE               PATRICK       M,GAINESVILLE,FL,,,,,,,
L26000176376,"INTEGRATED HSEQ & CSR SOLUTIONS, LLC",A,FLAL,3101 SW 18TH ST,,MIAMI,,33145,03262026,,INC AUTHORITY RA,ORLANDO,FL,,,,,,,
L26000176686,SUMMIT ST PROPERTIES 4 LLC,A,FLAL,188 LOMOND CT,,ST AUGUSTINE,,32095,03252026,,"SUMMIT ST PROPERTIES, LLC",ST AUGUSTINE,FL,,,,,,,
L26000175117,"BANNER DRYWALL & HOME SOLUTIONS, LLC",A,FLAL,30641 EDGEWOOD ST,,SORRENTO,,32776,03272026,,BANNER              WESLEY        C,SORRENTO,FL,,,,,,,
L26000175197,ELEVATE RE DEVELOPMENT LLC,A,FLAL,11518 NAVEL ORANGE WAY,,TAMPA,,33626,03192026,,PRIMELY TAX LLC,ORLANDO,FL,,,,,,,
L26000175257,BOSIC CONSULTING GROUP LLC,A,FLAL,434 SKINNER BLVD,205,DUNEDIN,,34698,03262026,,BOSIC               ROBERT        DIII,DUNEDIN,FL,,,,,,,
P26000017407,SYNDEW TECHNOLOGY INC,A,DOMP,"7901 4TH ST N, STE 300",,ST. PETERSBURG,,33702,04022026,,REGISTERED AGENTS INC,ST. PETERSBURG,FL,,,,,,,
L26000175457,ALELUYA TECHNOLOGIES LLC,A,FLAL,18464 TAPESTRY LAKE CIRCLE,302,LUTZ,,33548,03262026,,PIMENTEL            RAFAEL,LUTZ,FL,,,,,,,
L26000175497,"AW INTEGRATED HEALTH CONSULTING, LLC",A,FLAL,11902 NORTHUMBERLAND DR,,TAMPA,,33626,03262026,,WAZWAZ              ALLAH,TAMPA,FL,,,,,,,
P26000017467,"BY POLAR NETWORK, INC.",A,DOMP,382 NE 191ST ST #856862,,MIAMI,,33179,03272026,,"LEGALZOOM USCA, INC.",FORT LAUDERDALE,FL,,,,,,,
L26000175537,GOOD WORX GLOBAL SOLUTIONS LLC,A,FLAL,405 CORNWALL CIRCLE,,PENSACOLA,,32514,03262026,,GRICE               DERRICK,PENSACOLA,FL,,,,,,,
L26000175787,"PUPPIT NETWORKS SERVICES, LLC",A,FLAL,1162 FORESHORE LN,,HAINES CITY,,33844,03242026,,INC AUTHORITY RA,ORLANDO,FL,,,,,,,
L26000175867,"R3J2 SOLUTIONS & CATTLE, LLC",A,FLAL,627 CENTURY DR,,WINTER HAVEN,,33881,03252026,,INC AUTHORITY RA,ORLANDO,FL,,,,,,,
L26000175887,"E & B BILLIARD AND HOME SOLUTIONS, LLC",A,FLAL,845 ST CLAIRE ST,,JACKSONVILLE,,32254,03262026,,BOSS                EVERETT,JACKSONVILLE,FL,,,,,,,
L26000175897,UNITED AP SOLUTIONS LLC,A,FLAL,9340 NORTH 56TH STREET,200B,TEMPLE TERRACE,,33617,03262026,,PEEBLES             LEONARD,LAND O LAKES,FL,,,,,,,
L26000175967,EASY DRILL SOLUTIONS LLC,A,FLAL,10863 TIMBER CREEK DR,,FORT MYERS,,33913,03202026,,BLAS LOPEZ          DIEGO JOSE,FORT MYERS,FL,,,,,,,
L26000175977,EIDDI SOLUTIONS LLC,A,FLAL,7901 4TH ST N STE 300,,ST. PETERSBURG,,33702,03262026,,NORTHWEST REGISTERED AGENT LLC,ST. PETERSBURG,FL,,,,,,,
L26000175987,SINCLAIRS AIR AND HEAT LLC,A,FLAL,308 ORCHID BLVD,,MELBOURNE,,32901,03212026,,DEDICATED TAX,WEST MELBOURNE,FL,,,,,,,
L26000176037,C29 DEVELOPMENT LLC,A,FLAL,1641 COUNTRY COVE CIR,,MALABAR,,32950,03212026,,DEDICATED TAX,WEST MELBOURNE,FL,,,,,,,
L26000176047,OVER HUB DEVELOPMENT LLC,A,FLAL,2700 SOUTHWEST 116TH AVENUE,,DAVIE,,33330,03262026,,BAILEY              ALLEN,DAVIE,FL,,,,,,,
L26000176067,"AC2 INNOVATIONS, LLC.",A,FLAL,616 DESOTO AVE,,LEHIGH ACRES,,33972--793,03262026,,MILLER              ALI           L,LEHIGH ACRES,FL,,,,,,,
L26000176177,FAST TECH LLC,A,FLAL,7901 4TH ST N,STE 300,ST. PETERSBURG,,33702,03262026,,ROBERTS             DAVID,ST. PETERSBURG,FL,,,,,,,
L26000176217,TECH MERX EQUIPMENT LLC,A,FLAL,1403 WELSON RD,,ORLANDO,,32837,03262026,,SIDDIQUI            NURIN,ORLANDO,FL,,,,,,,
L26000176227,CLINICAL INTEGRITY CONSULTING LLC,A,FLAL,10305 HENBURY ST,,ORLANDO,,32832,04022026,,MEIER               GREGORY       YESQ.,ORLANDO,FL,,,,,,,
L26000176477,DMC & ARCH SOLUTIONS LLC,A,FLAL,8739 ROBILINA RD,,PORT RICHEY,,34668,04162026,,MARTINEZ CALISTRE   DAYRON,PORT RICHEY,FL,,,,,,,
L26000176507,"PATERSON DEVELOPMENT, LLC",A,FLAL,2701 NE 42ND ST,,LIGHTHOUSE POINT,,33064,03222026,,PATERSON            TERENCE,LIGHTHOUSE POINT,FL,,,,,,,
L26000176737,PC WIRELESS SOLUTIONS LLC,A,FLAL,776 S TAMPA AVE UNIT C,,ORLANDO,,32805,03262026,,PIERRE              BERGETTE,ORLANDO,FL,,,,,,,
L26000175148,THE VELVET POUR MOBILE DRY BAR LLC,A,FLAL,1435 8TH AVE,,DELAND,,32724,03262026,,QUICK               SAVANNAH,DELAND,FL,,,,,,,
L26000175268,"BENCHSIDE BIOTECH CONSULTING, LLC",A,FLAL,311 S 2ND STREET,102-C,FORT PIERCE,,34950,04012026,,DEIULIO             ALEX          M,OCALA,FL,,,,,,,
P26000017398,GREEN GROVE DEVELOPMENT CORP,A,DOMP,5600 NORTH FEDERAL HIGHWAY,,FORT LAUDERDALE,,33308,04012026,,LYNN                MARK          JESQ,FORT LAUDERDALE,FL,,,,,,,
P26000017408,ORCHARD MILLS DEVELOPMENT CORP,A,DOMP,5600 NORTH FEDERAL HIGHWAY,,FORT LAUDERDALE,,33308,04012026,,LYNN                MARK          JESQ,FORT LAUDERDALE,FL,,,,,,,
L26000175438,JAVI-AIR COMFORT SOLUTIONS LLC,A,FLAL,4570 26TH AVE SW,,NAPLES,,34116,03262026,,JIMENEZ             JAVIER,NAPLES,FL,,,,,,,
P26000017428,AMPLIFIED BUSINESS SOLUTIONS INC.,A,DOMP,19091 SW 12TH ST,,PEMBROKE PINES,,33029,03252026,,SARIN               AAYU,PEMBROKE PINES,FL,,,,,,,
L26000175508,OAKAS AI LLC,A,FLAL,9777 TRANQUILITY LAKE CIR APT 206,,RIVERVIEW,,33578,03262026,,MARTINO             ERIC,RIVERVIEW,FL,,,,,,,
L26000175528,"13599 PERDIDO KEY DRIVE UNIT T-PH1A, LLC",A,FLAL,7124 MELOGOLD CIRCLE,,LAND O LAKES,,34637,03262026,,TUCKNOTT            BONNIE        J,LAND O LAKES,FL,,,,,,,
P26000017498,"L.I.S.A. RESEARCH DEVELOPMENT FOUNDATION, INC.",A,DOMP,5765 MAYPOP CIR,,SARASOTA,,34238,03272026,,SUTRYK              JOHN          AP,SARASOTA,FL,,,,,,,
L26000175558,"BLESSED & GRATEFUL AI, LLC",A,FLAL,577 GOUGH PL,,THE VILLAGES,,32163,03262026,,DONNELLY            SEAN,THE VILLAGES,FL,,,,,,,
L26000175608,RIMWISE INNOVATION II LLC,A,FLAL,111 2ND AVENUE NE STE 360,,SAINT PETERSBURG,,33701,03262026,,COMPARETTO          ANTHONY       JESQ.,SAINT PETERSBURG,FL,,,,,,,
L26000175698,"AMJ CONSULTING SOLUTIONS, LLC",A,FLAL,800 S. DAKOTA AVE,#318,TAMPA,,33606,03242026,,JAMES               ANNELISE      M,TAMPA,FL,,,,,,,
L26000175948,RFC3 CONSULTING LLC,A,FLAL,8601 CABIN HILL ROAD,,TALLAHASSEE,,32311--850,03262026,,COLLINS             ROBERT        FIII,TALLAHASSEE,FL,,,,,,,
L26000175958,DIRECT METALS NETWORK LLC,A,FLAL,12855 SW 136TH AVE,SUITE 214,MIAMI,,33186,03262026,,BENITEZ             EMIL,MIAMI,FL,,,,,,,
L26000175968,TULVAPP ENTERTAINMENT LLC,A,FLAL,2006 ROOSEVELT DRIVE,,KEY WEST,,33040,03252026,,PARKS               TEREZA,KEY WEST,FL,,,,,,,
L26000175988,ORTIZ SLIDING DOOR SOLUTIONS LLC,A,FLAL,1006 ASHENTREE DR,,PLANT CITY,,33563,03262026,,ORTIZ               BRYAN          MANAGER,PLANT CITY,FL,,,,,,,
L26000176118,PLAZMATIC MOBILE PHLEBOTOMY SERVICES LLC,A,FLAL,7901 4TH ST N STE 300,,ST. PETERSBURG,,33702,03262026,,REGISTERED AGENTS INC,ST. PETERSBURG,FL,,,,,,,
L26000176158,PRESTIGE MOUNT SOLUTIONS LLC,A,FLAL,1809 JACKSON STREET,913,HOLLYWOOD,,33020,03262026,,KORNILOV            ILIA,HOLLYWOOD,FL,,,,,,,
L26000176178,JM SOLUTIONS PAVERS LLC,A,FLAL,4354 NW 9TH AVE APT 12-2D,,POMPANO BEACH,,33064,03262026,,ESCOBAR GONZALES    KEVIN         L,POMPANO BEACH,FL,,,,,,,
L26000176188,BLOW MOLDING SOLUTIONS LLC,A,FLAL,2127 LOCKLIN LN,,THE VILLAGES,,32163,03262026,,"LEGALZOOM USCA, INC.",FORT LAUDERDALE,FL,,,,,,,
L26000176298,"SOUTHERN ADVOCACY SOLUTIONS FOR UNIQUE LEARNERS, LLC",A,FLAL,450 MOFFAT LOOP,,OVIDEO,,32765,04012026,,MYERS               URSULA        P,OVIDEO,FL,,,,,,,
L26000176428,ACOUSTIC INFRASTRUCTURE LLC,A,FLAL,10554 TIDEWATER KEY BLVD,,ESTERO,,33928,03262026,,CONROY              LAWRENCE,ESTERO,FL,,,,,,,
L26000176558,TRIMAX POWER SYSTEMS LLC,A,FLAL,505 SW 16TH CT,,FORT LAUDERDALE,,33315,04012026,,REGISTERED AGENTS INC,FORT LAUDERDALE,FL,,,,,,,
L26000176628,M & M SOLUTIONS MULTI SERVICES LLC,A,FLAL,1031 TROY DR,,LAKE WALES,,33853,03212026,,WILIAMS             BENJAMIN      T,LAKE WALES,FL,,,,,,,
L26000176668,LEVEL UP CLOSING SOLUTIONS LLC,A,FLAL,635 HERITAGE SQUARE DR,,HAINES CITY,,33844,03262026,,SIQUEIRA            ERIKA,HAINES CITY,FL,,,,,,,
L26000176688,PB FARMS DEVELOPMENT LLC,A,FLAL,2435 NORTHWEST 53RD STREET,,BOCA RATON,,33496,03262026,,TURI                LEONARD       PJR,"BOCA RATON,",FL,,,,,,,
L26000175189,MOOK AI SOLUTIONS LLC,A,FLAL,7901 4TH ST N,STE 300,ST. PETERSBURG,,33702,03262026,,NORTHWEST REGISTERED AGENT,ST. PETERSBURG,FL,,,,,,,
L26000175269,B&F SOLUTIONS LLC,A,FLAL,14812 PORTER RD,,WINTER GARDEN,,34787,03262026,,BACELAR             SUE           E,WINTER GARDEN,FL,,,,,,,
L26000175349,MC DIGITAL GROUP LLC,A,FLAL,1485 21ST ST SW,,NAPLES,,34117,03222026,,CAMPANILE           JOANNA,NAPLES,FL,,,,,,,
P26000017419,GOLDEN GLOBAL DEVELOPMENT INC,A,DOMP,6030 37TH STREET,,VERO BEACH,,32966,04012026,,BASS                RICHARD,SEBASTIAN,FL,,,,,,,
L26000175459,"DANIEL INTEGRITY CONSULTING, LLC",A,FLAL,10814 WESTSIDE STREET,,GLEN ST MARY,,32040,03262026,,MALONEY             FRANK         EJR,MACCLENNY,FL,,,,,,,
L26000175469,NISREEN PROPERTY SOLUTIONS LLC,A,FLAL,22 S TREASURE DR,,TAMPA,,33609,03262026,,ALHASSANI           NISREEN,TAMPA,FL,,,,,,,
L26000175549,SUNCOR SOLUTIONS LLC,A,FLAL,1018 WOODSHIRE LN,,NAPLES,,34105,04012026,,ROBINSON            ROSS          C,NAPLES,FL,,,,,,,
F26000001989,"MARKETDESIGN CONSULTING, INC.",A,FORP,"126 N SALINA ST, UNIT 4",,SYRACUSE,,13202,04022026,934325695,"CAPITOL CORPORATE SERVICES, INC.",TALLAHASSEE,FL,,,,,,,
L26000175889,PRACTICE FLOW SOLUTIONS LLC,A,FLAL,19655 E COUNTRY CLUB DR,APT 602,MIAMI,,33180,03262026,,BARDA               MAURICE       M,MIAMI,FL,,,,,,,
L26000175949,"REGGAE WORLD MUSIC NETWORK, LLC",A,FLAL,4013 SW 69 WAY,,MIRAMAR,,33023,03262026,,DE-ALLIE KEANE      SONIA         E,MIRAMAR,FL,,,,,,,
L26000175969,"TRUE HOME DEVELOPMENT, LLC",A,FLAL,1490 SAINT CLAIR RD,,ENGLEWOOD,,34223,03262026,,ANANCHENKO          IVAN,ENGLEWOOD,FL,,,,,,,
L26000176009,561 ROOFING SOLUTIONS LLC,A,FLAL,135 TWO PINE DR,,GREENACRES,,33413,03242026,,OSENDI CEBALLO      DARIEL,WEST PALM BEACH,FL,,,,,,,
L26000176069,"GEO'S CAR SERVICE SOLUTIONS, LLC.",A,FLAL,5200 SW 89TH PL,,MIAMI,,33165,03262026,,GOMEZ GOMEZ         GEORGE        E,MIAMI,FL,,,,,,,
L26000176239,HURRICANE PEDESTAL SYSTEMS LLC,A,FLAL,2251 BLOUNT RD,,POMPANO BEACH,,33069,03262026,,ROWLAND             JERRY,POMPANO BEACH,FL,,,,,,,
L26000176249,LAB CLEANING SOLUTIONS LLC,A,FLAL,8613 BAYSHIRE WAY,#180,ORLANDO,,32817,03202026,,BACHIN  TEJERA      LUIS          A,ORLANDO,FL,,,,,,,
L26000176599,TOSBELL TECHNOLOGIES LLC,A,FLAL,150 SE 2ND AVE 1403 #6799,,MIAMI,,33131,04022026,,LUPA ENTERPRISES INC,MIAMI,FL,,,,,,,
L26000176719,"THREE JAYS DEVELOPMENT, LLC",A,FLAL,16432 BRAEBURN RIDGE TRAIL,,DELRAY BEACH,,33446,03282026,,HARRIS              LAWRENCE      M,DELRAY BEACH,FL,,,,,,,
